"cod_mpio","mpio","cod_depto","depto","poblacion","ipm_sintetico_espacial","ipm_final_calibrado_2024"
5001,"MEDELLIN",5,"ANTIOQUIA",2524747,5.98624301501549,3.83043335256213
5002,"ABEJORRAL",5,"ANTIOQUIA",21121,35.925300849798,22.9876184830326
5004,"ABRIAQUI",5,"ANTIOQUIA",2810,50.4431602228856,32.2772000471278
5021,"ALEJANDRIA",5,"ANTIOQUIA",5196,38.8803998228211,24.8785055783271
5030,"AMAGA",5,"ANTIOQUIA",32595,24.6186682394649,15.7528131891024
5031,"AMALFI",5,"ANTIOQUIA",28716,49.6449919980515,31.7664740071573
5034,"ANDES",5,"ANTIOQUIA",45212,43.0508701286677,27.5470755838072
5036,"ANGELOPOLIS",5,"ANTIOQUIA",6149,25.0997195401765,16.0606247734162
5038,"ANGOSTURA",5,"ANTIOQUIA",12413,43.1529340593822,27.6123835045384
5040,"ANORI",5,"ANTIOQUIA",20688,53.6861110298904,34.3522756664622
5042,"SANTAFE DE ANTIOQUIA",5,"ANTIOQUIA",28130,35.0341216757763,22.4173772778696
5044,"ANZA",5,"ANTIOQUIA",7628,46.6726256373354,29.8645379822479
5045,"APARTADO",5,"ANTIOQUIA",124423,29.5788763318382,18.9267148274118
5051,"ARBOLETES",5,"ANTIOQUIA",31449,40.7659466296049,26.0850154641446
5055,"ARGELIA",5,"ANTIOQUIA",8170,51.7192195488295,33.093715546028
5059,"ARMENIA",5,"ANTIOQUIA",5308,46.0918270829862,29.4929008555694
5079,"BARBOSA",5,"ANTIOQUIA",62506,18.2498044524562,11.6775512582902
5086,"BELMIRA",5,"ANTIOQUIA",6193,33.6021368423959,21.5010893068692
5088,"BELLO",5,"ANTIOQUIA",593344,7.13411143824756,4.56492299517642
5091,"BETANIA",5,"ANTIOQUIA",10758,47.8685215480333,30.6297591019117
5093,"BETULIA",5,"ANTIOQUIA",16861,49.5393869603151,31.6989002287909
5101,"CIUDAD BOLIVAR BOLIVAR",5,"ANTIOQUIA",27391,42.7728061361647,27.3691500321117
5107,"BRICEÑO",5,"ANTIOQUIA",8023,48.4343887488694,30.9918420634231
5113,"BURITICA",5,"ANTIOQUIA",10848,40.6335525833463,26.000300131139
5120,"CACERES",5,"ANTIOQUIA",29159,51.4870292471337,32.945143315745
5125,"CAICEDO",5,"ANTIOQUIA",9036,47.9880519161424,30.7062433187235
5129,"CALDAS",5,"ANTIOQUIA",88316,11.2527940378663,7.20035546235566
5134,"CAMPAMENTO",5,"ANTIOQUIA",9940,49.303231225589,31.5477906262531
5138,"CAÑASGORDAS",5,"ANTIOQUIA",15570,48.0995158353099,30.7775660352447
5142,"CARACOLI",5,"ANTIOQUIA",4538,41.3599861567354,26.4651251275433
5145,"CARAMANTA",5,"ANTIOQUIA",4556,37.8559746436609,24.223003894948
5147,"CAREPA",5,"ANTIOQUIA",50543,29.4907698514411,18.8703378978011
5148,"CARMEN DE VIBORAL",5,"ANTIOQUIA",68325,14.7673852134049,9.44924633191036
5150,"CAROLINA",5,"ANTIOQUIA",3947,33.1705146195784,21.2249060390266
5154,"CAUCASIA",5,"ANTIOQUIA",93572,44.4193431118832,28.4227240571219
5172,"CHIGORODO",5,"ANTIOQUIA",56758,33.1948919319837,21.2405044152116
5190,"CISNEROS",5,"ANTIOQUIA",10040,34.5978929767461,22.138246451754
5197,"COCORNA",5,"ANTIOQUIA",16062,30.6463331450267,19.6097512777197
5206,"CONCEPCION",5,"ANTIOQUIA",5108,35.0588901914884,22.4332259743623
5209,"CONCORDIA",5,"ANTIOQUIA",22182,49.5078990132251,31.6787519517439
5212,"COPACABANA",5,"ANTIOQUIA",89546,6.46650191923592,4.1377379040106
5234,"DABEIBA",5,"ANTIOQUIA",24651,52.3072118589034,33.469955760451
5237,"DON MATIAS",5,"ANTIOQUIA",19689,15.8808651297387,10.1617317085038
5240,"EBEJICO",5,"ANTIOQUIA",12627,32.6866557305479,20.9152979556549
5250,"EL BAGRE",5,"ANTIOQUIA",55742,47.2269550377618,30.2192382205063
5264,"ENTRERRIOS",5,"ANTIOQUIA",12568,19.3293772761447,12.3683404126903
5266,"ENVIGADO",5,"ANTIOQUIA",260430,4.03895677695242,2.58441809147893
5282,"FREDONIA",5,"ANTIOQUIA",26245,36.9015743546181,23.6123092255744
5284,"FRONTINO",5,"ANTIOQUIA",21716,52.2817217508734,33.4536453367489
5306,"GIRALDO",5,"ANTIOQUIA",6331,40.2546678924741,25.7578621691231
5308,"GIRARDOTA",5,"ANTIOQUIA",60604,9.25001363823355,5.91883100346415
5310,"GOMEZ PLATA",5,"ANTIOQUIA",10301,38.2954344821563,24.5042022389279
5313,"GRANADA",5,"ANTIOQUIA",10463,37.1260248478901,23.7559289639097
5315,"GUADALUPE",5,"ANTIOQUIA",6975,44.6102410680739,28.5448744436823
5318,"GUARNE",5,"ANTIOQUIA",64068,8.8520750168296,5.66420095188173
5321,"GUATAPE",5,"ANTIOQUIA",9518,26.695197160671,17.0815273120334
5347,"HELICONIA",5,"ANTIOQUIA",5126,34.6073210731593,22.1442792330596
5353,"HISPANIA",5,"ANTIOQUIA",5862,46.4606992301976,29.7289320644538
5360,"ITAGUI",5,"ANTIOQUIA",302075,3.29867201356532,2.11073009702918
5361,"ITUANGO",5,"ANTIOQUIA",29342,49.3386435703346,31.5704500181398
5364,"JARDIN",5,"ANTIOQUIA",15350,41.264194970093,26.4038309643635
5368,"JERICO",5,"ANTIOQUIA",14317,39.8811268424961,25.5188434569195
5376,"LA CEJA",5,"ANTIOQUIA",72033,10.3673123357366,6.63375991379322
5380,"LA ESTRELLA",5,"ANTIOQUIA",81925,5.78901426076817,3.70423206129176
5390,"LA PINTADA",5,"ANTIOQUIA",8554,32.9478968665482,21.0824590210989
5400,"LA UNION",5,"ANTIOQUIA",23718,17.0316696922226,10.8981001064058
5411,"LIBORINA",5,"ANTIOQUIA",10817,44.9645486033268,28.7715861553005
5425,"MACEO",5,"ANTIOQUIA",8808,36.7948380565827,23.5440115846503
5440,"MARINILLA",5,"ANTIOQUIA",73095,10.5423978912862,6.74579237720085
5467,"MONTEBELLO",5,"ANTIOQUIA",6595,27.592470154941,17.6556677862814
5475,"MURINDO",5,"ANTIOQUIA",5769,66.1371021746441,42.3193247210514
5480,"MUTATA",5,"ANTIOQUIA",13872,45.4675204737844,29.0934241132933
5483,"NARIÑO",5,"ANTIOQUIA",10906,51.3828301942267,32.8784691886574
5490,"NECOCLI",5,"ANTIOQUIA",42718,37.002853177901,23.6771147775104
5495,"NECHI",5,"ANTIOQUIA",28955,56.3469260783936,36.0548585187154
5501,"OLAYA",5,"ANTIOQUIA",3431,38.2509814984538,24.475757989176
5541,"PEÑOL",5,"ANTIOQUIA",23491,24.5076432738524,15.6817713469683
5543,"PEQUE",5,"ANTIOQUIA",8733,50.8387697779456,32.5303397927901
5576,"PUEBLORRICO",5,"ANTIOQUIA",9040,46.0478465404949,29.4647589080408
5579,"PUERTO BERRIO",5,"ANTIOQUIA",39164,40.5031376671007,25.916851189356
5585,"PUERTO NARE",5,"ANTIOQUIA",15465,38.4805291886858,24.6226392845833
5591,"PUERTO TRIUNFO",5,"ANTIOQUIA",20006,31.6793897241211,20.2707759580945
5604,"REMEDIOS",5,"ANTIOQUIA",32457,38.7101134011753,24.7695439495853
5607,"RETIRO",5,"ANTIOQUIA",26766,8.39616792319238,5.37247845869906
5615,"RIONEGRO",5,"ANTIOQUIA",151872,5.91333866186453,3.78378384883234
5628,"SABANALARGA",5,"ANTIOQUIA",9827,49.5968556380167,31.7356728655255
5631,"SABANETA",5,"ANTIOQUIA",103765,3.3739275946239,2.15888408725814
5642,"SALGAR",5,"ANTIOQUIA",18915,49.5734688117155,31.720708274337
5647,"SAN ANDRES",5,"ANTIOQUIA",7406,52.8391632182728,33.8103369016372
5649,"SAN CARLOS",5,"ANTIOQUIA",16912,39.0920305172789,25.0139222776566
5652,"SAN FRANCISCO",5,"ANTIOQUIA",6013,46.5113335430194,29.7613315778265
5656,"SAN JERONIMO",5,"ANTIOQUIA",17982,18.7790874482517,12.0162249865291
5658,"SAN JOSE DE LA MONTANA",5,"ANTIOQUIA",3963,49.9418991246972,31.9564567655693
5659,"SAN JUAN DE URABA",5,"ANTIOQUIA",20025,38.914471410649,24.9003070564936
5660,"SAN LUIS",5,"ANTIOQUIA",14242,36.5404048857315,23.3812067501019
5664,"SAN PEDRO",5,"ANTIOQUIA",22297,13.8542587233647,8.86496163885919
5665,"SAN PEDRO DE URABA",5,"ANTIOQUIA",32352,42.4737102424964,27.1777667414822
5667,"SAN RAFAEL",5,"ANTIOQUIA",17222,36.8061169466136,23.5512286382257
5670,"SAN ROQUE",5,"ANTIOQUIA",24238,39.2011459106781,25.0837422367036
5674,"SAN VICENTE",5,"ANTIOQUIA",24534,21.8899582411191,14.0067862134324
5679,"SANTA BARBARA",5,"ANTIOQUIA",29171,34.1426337276396,21.8469384965864
5686,"SANTA ROSA DE OSOS",5,"ANTIOQUIA",39788,29.9858419096117,19.1871209817457
5690,"SANTO DOMINGO",5,"ANTIOQUIA",13434,31.5918321835439,20.2147502800769
5697,"SANTUARIO",5,"ANTIOQUIA",39396,16.9823550696988,10.866545026799
5736,"SEGOVIA",5,"ANTIOQUIA",39116,42.9771901217455,27.4999297604211
5756,"SONSON",5,"ANTIOQUIA",36144,42.0525559283084,26.9082816023733
5761,"SOPETRAN",5,"ANTIOQUIA",16366,29.188722522075,18.677066064106
5789,"TAMESIS",5,"ANTIOQUIA",16676,38.095528397733,24.3762877972265
5790,"TARAZA",5,"ANTIOQUIA",29027,53.5392727114174,34.2583178383048
5792,"TARSO",5,"ANTIOQUIA",6530,46.4413853291379,29.7165736268492
5809,"TITIRIBI",5,"ANTIOQUIA",11449,38.2860489912961,24.4981967197516
5819,"TOLEDO",5,"ANTIOQUIA",4867,44.6855635438993,28.5930712380449
5837,"TURBO",5,"ANTIOQUIA",130019,33.5332985232738,21.4570415472246
5842,"URAMITA",5,"ANTIOQUIA",7406,54.1681087719151,34.6606928527141
5847,"URRAO",5,"ANTIOQUIA",31776,50.0463246213814,32.0232757878432
5854,"VALDIVIA",5,"ANTIOQUIA",14927,48.6518472564605,31.1309878211522
5856,"VALPARAISO",5,"ANTIOQUIA",6683,41.3027714633756,26.4285150084499
5858,"VEGACHI",5,"ANTIOQUIA",12126,39.4719072083095,25.2569949934709
5861,"VENECIA",5,"ANTIOQUIA",12343,38.9465019501737,24.9208025236151
5873,"VIGIA DEL FUERTE",5,"ANTIOQUIA",11150,69.1321867498713,44.2357975107323
5885,"YALI",5,"ANTIOQUIA",7746,43.4889437562811,27.8273869293171
5887,"YARUMAL",5,"ANTIOQUIA",41862,39.6769097024182,25.3881704884888
5890,"YOLOMBO",5,"ANTIOQUIA",24828,44.8741146494591,28.7137199390059
5893,"YONDO",5,"ANTIOQUIA",21677,39.2382517756777,25.1074852659314
5895,"ZARAGOZA",5,"ANTIOQUIA",26532,46.2702510675136,29.6070694884693
8001,"BARRANQUILLA",8,"ATLANTICO",1279120,13.2976602750483,6.82642150770872
8078,"BARANOA",8,"ATLANTICO",73740,30.3416228474735,15.5760263460353
8137,"CAMPO DE LA CRUZ",8,"ATLANTICO",26781,67.669063294223,34.7382576726648
8141,"CANDELARIA",8,"ATLANTICO",19104,49.7771419124803,25.5533488685392
8296,"GALAPA",8,"ATLANTICO",69030,20.796357452554,10.6759158272749
8372,"JUAN DE ACOSTA",8,"ATLANTICO",23939,42.7781791532157,21.9603957532347
8421,"LURUACO",8,"ATLANTICO",32443,44.4318251004965,22.8093033074331
8433,"MALAMBO",8,"ATLANTICO",149019,20.5531952321977,10.5510872652145
8436,"MANATI",8,"ATLANTICO",23362,52.6764871667401,27.04174249513
8520,"PALMAR DE VARELA",8,"ATLANTICO",34647,43.4653366643098,22.3131515550743
8549,"PIOJO",8,"ATLANTICO",7724,52.5071174628503,26.95479569656
8558,"POLO NUEVO",8,"ATLANTICO",21012,30.6909862844747,15.755373842589
8560,"PONEDERA",8,"ATLANTICO",27097,47.5859259355056,24.428477006583
8573,"PUERTO COLOMBIA",8,"ATLANTICO",62582,9.76901494313158,5.01497348688125
8606,"REPELON",8,"ATLANTICO",29894,53.3708350185424,27.3981894949281
8634,"SABANAGRANDE",8,"ATLANTICO",38726,20.8054859422013,10.6806019838447
8638,"SABANALARGA",8,"ATLANTICO",103909,35.6044848561208,18.2777433146471
8675,"SANTA LUCIA",8,"ATLANTICO",19147,56.1204003787569,28.8096928514275
8685,"SANTO TOMAS",8,"ATLANTICO",36050,32.6202765872048,16.7457848280376
8758,"SOLEDAD",8,"ATLANTICO",710269,10.2439850347808,5.25880179818473
8770,"SUAN",8,"ATLANTICO",14150,57.3508373011359,29.4413439010913
8832,"TUBARA",8,"ATLANTICO",20017,29.530941858061,15.1598591386055
8849,"USIACURI",8,"ATLANTICO",15033,53.5702909242649,27.5005811981677
11001,"BOGOTA D.C.",11,"BOGOTA D.C.",7918660,9.00576096329134,5.4
13001,"CARTAGENA",13,"BOLIVAR",1010408,36.1997809727021,12.4388126773865
13006,"ACHI",13,"BOLIVAR",27507,53.1548456867729,18.2648389196539
13030,"ALTOS DEL ROSARIO",13,"BOLIVAR",11401,63.331578462047,21.7617239630997
13042,"ARENAL",13,"BOLIVAR",8533,55.4858574323647,19.0658111264766
13052,"ARJONA",13,"BOLIVAR",73374,53.6530942404785,18.4360449396847
13062,"ARROYOHONDO",13,"BOLIVAR",8531,46.7068873579874,16.0492192764345
13074,"BARRANCO DE LOBA",13,"BOLIVAR",17222,53.6097623950933,18.4211554377808
13140,"CALAMAR",13,"BOLIVAR",24810,48.4216486857475,16.6384381713919
13160,"CANTAGALLO",13,"BOLIVAR",8825,45.878991639706,15.7647413188502
13188,"CICUCO",13,"BOLIVAR",15697,53.0266457023374,18.2207873936836
13212,"CORDOBA",13,"BOLIVAR",18180,54.229330371312,18.6340487147568
13222,"CLEMENCIA",13,"BOLIVAR",15919,54.7132076133978,18.8003165266448
13244,"EL CARMEN DE BOLIVAR",13,"BOLIVAR",76463,60.3312352912354,20.7307589774898
13248,"EL GUAMO",13,"BOLIVAR",9616,59.9412024596869,20.5967375773791
13268,"EL PEÑON",13,"BOLIVAR",8018,53.8236739915129,18.4946588183508
13300,"HATILLO DE LOBA",13,"BOLIVAR",13252,50.8117630019625,17.4597189487358
13430,"MAGANGUE",13,"BOLIVAR",149065,52.8065903622462,18.1451729263995
13433,"MAHATES",13,"BOLIVAR",31676,49.4983810928801,17.0084203192423
13440,"MARGARITA",13,"BOLIVAR",11721,55.0141116454238,18.9037118729057
13442,"MARIA LA BAJA",13,"BOLIVAR",48970,70.6415579923136,24.2735476153224
13458,"MONTECRISTO",13,"BOLIVAR",16510,70.5771391569577,24.2514122928327
13468,"MOMPOS",13,"BOLIVAR",48552,53.6345560858129,18.4296749388981
13473,"MORALES",13,"BOLIVAR",25591,59.4582247510005,20.4307788592798
13549,"PINILLOS",13,"BOLIVAR",25747,55.1256920973049,18.9420526667479
13580,"REGIDOR",13,"BOLIVAR",7810,65.6943623835653,22.5736135880416
13600,"RIO VIEJO",13,"BOLIVAR",12277,68.7298154462596,23.6166428833383
13620,"SAN CRISTOBAL",13,"BOLIVAR",9542,56.4322271689418,19.3909986154757
13647,"SAN ESTANISLAO",13,"BOLIVAR",21053,46.3158620265502,15.9148568377908
13650,"SAN FERNANDO",13,"BOLIVAR",12766,61.3829796909029,21.0921548539405
13654,"SAN JACINTO",13,"BOLIVAR",27176,64.7401931745975,22.2457460779638
13655,"SAN JACINTO DEL CAUCA",13,"BOLIVAR",10708,68.004796901996,23.3675151367774
13657,"SAN JUAN NEPOMUCENO",13,"BOLIVAR",42048,58.4864816687668,20.0968726906329
13667,"SAN MARTIN DE LOBA",13,"BOLIVAR",15853,59.216872402103,20.347846405643
13670,"SAN PABLO",13,"BOLIVAR",29026,42.2486770323432,14.5173082640752
13673,"SANTA CATALINA",13,"BOLIVAR",15213,46.6944705721765,16.044952674024
13683,"SANTA ROSA",13,"BOLIVAR",22371,53.6211399695537,18.4250649508672
13688,"SANTA ROSA DEL SUR",13,"BOLIVAR",33643,49.5054054322264,17.0108339924459
13744,"SIMITI",13,"BOLIVAR",18510,58.3246946505583,20.0412801329143
13760,"SOPLAVIENTO",13,"BOLIVAR",12824,61.0080793403177,20.963333211701
13780,"TALAIGUA NUEVO",13,"BOLIVAR",14965,50.180829787996,17.2429203977614
13810,"TIQUISIO",13,"BOLIVAR",18535,65.5956288002292,22.5396871797848
13836,"TURBACO",13,"BOLIVAR",124939,30.4466664859907,10.4619522796475
13838,"TURBANA",13,"BOLIVAR",17726,46.9915763384549,16.1470428765834
13873,"VILLANUEVA",13,"BOLIVAR",28802,53.2790435925976,18.3075152686252
13894,"ZAMBRANO",13,"BOLIVAR",13291,65.2226669102112,22.4115316230085
15001,"TUNJA",15,"BOYACA",187765,17.1999986057979,3.60814406545587
15022,"ALMEIDA",15,"BOYACA",1825,57.0093831554786,11.9591909407715
15047,"AQUITANIA",15,"BOYACA",15405,47.1286169184246,9.88644495529417
15051,"ARCABUCO",15,"BOYACA",6370,40.6187590694743,8.52083409084133
15087,"BELEN",15,"BOYACA",7638,37.7581447860275,7.92074634159595
15090,"BERBEO",15,"BOYACA",1645,47.0502798007346,9.8700117210378
15092,"BETEITIVA",15,"BOYACA",1825,44.331522198724,9.29968207555743
15097,"BOAVITA",15,"BOYACA",5145,51.9935083906618,10.9069816249147
15104,"BOYACA",15,"BOYACA",5297,42.3427820705004,8.88249245503241
15106,"BRICENO",15,"BOYACA",2247,46.9141527750447,9.84145556058989
15109,"BUENAVISTA",15,"BOYACA",4509,52.6110412575482,11.0365250975595
15114,"BUSBANZA",15,"BOYACA",1288,34.780002351625,7.29600402637566
15131,"CALDAS",15,"BOYACA",2893,49.0435364079842,10.2881487897207
15135,"CAMPOHERMOSO",15,"BOYACA",3186,54.7954318995738,11.4947574679392
15162,"CERINZA",15,"BOYACA",3583,39.0120487975855,8.18378510233335
15172,"CHINAVITA",15,"BOYACA",3093,49.3144071265808,10.3449709208272
15176,"CHIQUINQUIRA",15,"BOYACA",58135,28.8659158634968,6.05537159646724
15180,"CHISCAS",15,"BOYACA",4078,58.9964910010941,12.3760381478498
15183,"CHITA",15,"BOYACA",8239,60.2400584919562,12.6369085563297
15185,"CHITARAQUE",15,"BOYACA",5961,56.4331674560329,11.8383148114167
15187,"CHIVATA",15,"BOYACA",2858,31.0494767879998,6.51342991216101
15189,"CIENEGA",15,"BOYACA",4535,48.2969373218436,10.1315303431922
15204,"COMBITA",15,"BOYACA",13473,32.7572135307806,6.8716718129335
15212,"COPER",15,"BOYACA",3513,56.7827371003099,11.9116460753527
15215,"CORRALES",15,"BOYACA",2561,22.0775910181561,4.63134508539261
15218,"COVARACHIA",15,"BOYACA",2873,57.4172373929178,12.044748903892
15223,"CUBARA",15,"BOYACA",12974,67.4598801417383,14.1514526697537
15224,"CUCAITA",15,"BOYACA",3801,24.8472938230273,5.21236180333025
15226,"CUITIVA",15,"BOYACA",1837,41.9852803519848,8.80749723360154
15232,"CHIQUIZA",15,"BOYACA",4813,42.1061944308555,8.83286208543126
15236,"CHIVOR",15,"BOYACA",2702,59.8767341254272,12.5606918840513
15238,"DUITAMA",15,"BOYACA",134425,21.6592135928357,4.54357961174997
15244,"EL COCUY",15,"BOYACA",4305,56.4800849827483,11.8481569747484
15248,"EL ESPINO",15,"BOYACA",3128,56.7443615232412,11.9035958066386
15272,"FIRAVITOBA",15,"BOYACA",7088,34.2737202660636,7.18979827925141
15276,"FLORESTA",15,"BOYACA",3328,28.0269553682018,5.87937795823344
15293,"GACHANTIVA",15,"BOYACA",2765,38.8352001923147,8.14668653853598
15296,"GAMEZA",15,"BOYACA",4687,40.3395759061766,8.46226820970874
15299,"GARAGOA",15,"BOYACA",19295,43.3727697174952,9.09855897347644
15317,"GUACAMAYAS",15,"BOYACA",1811,57.7005172440316,12.1041741711309
15322,"GUATEQUE",15,"BOYACA",11331,43.7342383040992,9.17438634797195
15325,"GUAYATA",15,"BOYACA",3455,56.3600048189422,11.8229670581475
15332,"GUICAN",15,"BOYACA",4383,64.1019308128419,13.4470360461921
15362,"IZA",15,"BOYACA",1934,33.2372453815805,6.97237089514794
15367,"JENESANO",15,"BOYACA",7401,47.5498037099128,9.97479976606982
15368,"JERICO",15,"BOYACA",4024,53.8582937659989,11.2981685336801
15377,"LABRANZAGRANDE",15,"BOYACA",3741,55.1058109049812,11.5598674828915
15380,"LA CAPILLA",15,"BOYACA",2586,49.844364693367,10.4561432117888
15401,"LA VICTORIA",15,"BOYACA",1142,61.7338967804105,12.9502797302913
15403,"LA UVITA",15,"BOYACA",2854,54.3486810621978,11.4010399380975
15407,"VILLA DE LEYVA",15,"BOYACA",19143,27.3782047564508,5.7432857571003
15425,"MACANAL",15,"BOYACA",5314,55.73399924753,11.6916462168381
15442,"MARIPI",15,"BOYACA",5887,58.9605775574339,12.3685043752268
15455,"MIRAFLORES",15,"BOYACA",9038,44.7403503057306,9.38544433297938
15464,"MONGUA",15,"BOYACA",4526,43.0692222801267,9.03488205641225
15466,"MONGUI",15,"BOYACA",4325,35.0174170445936,7.34580789177819
15469,"MONIQUIRA",15,"BOYACA",23763,36.8394223236453,7.72802057013408
15476,"MOTAVITA",15,"BOYACA",5281,40.7291051928131,8.5439820409776
15480,"MUZO",15,"BOYACA",8228,53.8141476098547,11.2889077369234
15491,"NOBSA",15,"BOYACA",16962,14.8994392367107,3.12554230338348
15494,"NUEVO COLON",15,"BOYACA",5229,42.022147228039,8.81523101330091
15500,"OICATA",15,"BOYACA",2929,23.0159209096443,4.82818402166275
15507,"OTANCHE",15,"BOYACA",8190,56.7299125493279,11.9005647610745
15511,"PACHAVITA",15,"BOYACA",2301,53.6168482824643,11.2475191058219
15514,"PAEZ",15,"BOYACA",3376,50.5683410238223,10.6080159508588
15516,"PAIPA",15,"BOYACA",37880,25.0994140705844,5.26525053872223
15518,"PAJARITO",15,"BOYACA",2205,50.2816282170673,10.5478705324845
15522,"PANQUEBA",15,"BOYACA",1725,56.4253636286609,11.8366777570153
15531,"PAUNA",15,"BOYACA",7346,56.4773791927833,11.8475893653998
15533,"PAYA",15,"BOYACA",2735,55.3196957590156,11.6047353566897
15537,"PAZ DE RIO",15,"BOYACA",4373,39.8397286748443,8.35741233950197
15542,"PESCA",15,"BOYACA",7014,44.8492549322605,9.40828989191926
15550,"PISBA",15,"BOYACA",1951,56.1187330778738,11.7723540772601
15572,"PUERTO BOYACA",15,"BOYACA",47787,37.7357780072262,7.91605433190194
15580,"QUIPAMA",15,"BOYACA",5005,61.9868712479665,13.0033476603967
15599,"RAMIRIQUI",15,"BOYACA",10131,43.0085865822578,9.02216215227537
15600,"RAQUIRA",15,"BOYACA",8043,46.120935993997,9.67505784819749
15621,"RONDON",15,"BOYACA",2467,56.6219910296521,11.8779254341956
15632,"SABOYA",15,"BOYACA",14424,44.8831003778083,9.41538984851197
15638,"SACHICA",15,"BOYACA",6250,37.62872637967,7.89359748736858
15646,"SAMACA",15,"BOYACA",19327,22.3724454458854,4.69319841910314
15660,"SAN EDUARDO",15,"BOYACA",1672,50.9543681422687,10.6889951118721
15664,"SAN JOSE DE PARE",15,"BOYACA",4871,50.2093887656514,10.5327164412609
15667,"SAN LUIS DE GACENO",15,"BOYACA",5304,49.8776623787847,10.463128261543
15673,"SAN MATEO",15,"BOYACA",3397,55.2586110491429,11.5919212606849
15676,"SAN MIGUEL DE SEMA",15,"BOYACA",3081,30.5174119381809,6.40181556414213
15681,"SAN PABLO DE BORBUR",15,"BOYACA",6772,56.3324357673074,11.8171837373272
15686,"SANTANA",15,"BOYACA",7746,49.1724030366551,10.3151818943233
15690,"SANTA MARIA",15,"BOYACA",3640,45.8796146782176,9.62443446773372
15693,"SANTA ROSA DE VITERBO",15,"BOYACA",13452,29.9002895986532,6.27235821021673
15696,"SANTA SOFIA",15,"BOYACA",3338,42.559081730371,8.92786689674073
15720,"SATIVANORTE",15,"BOYACA",2080,50.5835278173319,10.6112017731447
15723,"SATIVASUR",15,"BOYACA",1055,37.9016896605769,7.95085858748051
15740,"SIACHOQUE",15,"BOYACA",6894,42.4548719328,8.90600619946478
15753,"SOATA",15,"BOYACA",9285,44.9946342448643,9.43878695857801
15755,"SOCOTA",15,"BOYACA",7460,46.7183880190039,9.80038884547422
15757,"SOCHA",15,"BOYACA",8424,33.4549100815783,7.01803168928845
15759,"SOGAMOSO",15,"BOYACA",136725,18.6055034089744,3.90298500880581
15761,"SOMONDOCO",15,"BOYACA",2963,48.208089205632,10.1128921554468
15762,"SORA",15,"BOYACA",3150,37.4516136148501,7.85644350928128
15763,"SOTAQUIRA",15,"BOYACA",8132,36.5792365638601,7.67343988518167
15764,"SORACA",15,"BOYACA",6179,32.4744387586241,6.81235249905443
15774,"SUSACON",15,"BOYACA",2795,57.251471389106,12.009975202067
15776,"SUTAMARCHAN",15,"BOYACA",6304,40.881864417663,8.57602723488825
15778,"SUTATENZA",15,"BOYACA",4257,48.8972662285939,10.2574648407382
15790,"TASCO",15,"BOYACA",6012,42.3168319161447,8.8770487397402
15798,"TENZA",15,"BOYACA",3673,50.2972648457556,10.5511507193205
15804,"TIBANA",15,"BOYACA",9107,50.4044697507858,10.5736397177639
15806,"TIBASOSA",15,"BOYACA",13579,23.8961996994484,5.01284523961817
15808,"TINJACA",15,"BOYACA",3552,38.81260295307,8.14194618381008
15810,"TIPACOQUE",15,"BOYACA",3217,50.4663392657317,10.5866184469081
15814,"TOCA",15,"BOYACA",8960,31.6105077325305,6.63112064687787
15816,"TOGUI",15,"BOYACA",4440,49.3567469167625,10.3538527856563
15820,"TOPAGA",15,"BOYACA",3720,24.8677275916204,5.21664831419423
15822,"TOTA",15,"BOYACA",5161,47.2189833165574,9.905401641897
15832,"TUNUNGUA",15,"BOYACA",1570,50.9129773826939,10.6803123307308
15835,"TURMEQUE",15,"BOYACA",5756,37.7343050361968,7.91574533817466
15837,"TUTA",15,"BOYACA",8251,29.2301887309832,6.13178724132576
15839,"TUTASA",15,"BOYACA",2021,48.5284529736301,10.1800967323064
15842,"UMBITA",15,"BOYACA",7698,51.0823125915025,10.7158347655134
15861,"VENTAQUEMADA",15,"BOYACA",16977,33.9235932643789,7.11635009519988
15879,"VIRACACHA",15,"BOYACA",2910,50.7596436782664,10.6481466248872
15897,"ZETAQUIRA",15,"BOYACA",4740,47.2512933651668,9.9121795093153
17001,"MANIZALES",17,"CALDAS",467681,20.6489931632589,6.42386367967136
17013,"AGUADAS",17,"CALDAS",22674,38.0348968586117,11.8325862456492
17042,"ANSERMA",17,"CALDAS",37428,37.5415992780662,11.6791222783806
17050,"ARANZAZU",17,"CALDAS",10820,40.0923221919437,12.472647471295
17088,"BELALCAZAR",17,"CALDAS",10467,33.6095680404565,10.4558746142012
17174,"CHINCHINA",17,"CALDAS",51007,24.6197887664116,7.65917086645846
17272,"FILADELFIA",17,"CALDAS",11182,45.3504583495423,14.1084439296747
17380,"LA DORADA",17,"CALDAS",72044,40.2732944110719,12.5289475948069
17388,"LA MERCED",17,"CALDAS",5844,41.1535696138317,12.8027995864471
17433,"MANZANARES",17,"CALDAS",18375,47.1224693713055,14.6597132895259
17442,"MARMATO",17,"CALDAS",9394,30.4426728817375,9.47065937263578
17444,"MARQUETALIA",17,"CALDAS",13619,42.4690738261583,13.2120505200498
17446,"MARULANDA",17,"CALDAS",2685,43.3933047456951,13.4995770540896
17486,"NEIRA",17,"CALDAS",21568,36.9341065178594,11.4901324013875
17495,"NORCASIA",17,"CALDAS",6171,41.3476344295582,12.8631727926074
17513,"PACORA",17,"CALDAS",15748,36.9910746371521,11.5078550782043
17524,"PALESTINA",17,"CALDAS",16059,27.9943703074774,8.70899695843055
17541,"PENSILVANIA",17,"CALDAS",20493,48.1022516147408,14.9645217379489
17614,"RIOSUCIO",17,"CALDAS",52440,38.291888586024,11.9125358979469
17616,"RISARALDA",17,"CALDAS",11157,32.8335084276192,10.2144439003281
17653,"SALAMINA",17,"CALDAS",19511,44.4567510107218,13.8304132252857
17662,"SAMANA",17,"CALDAS",21128,49.4153295610893,15.3730178646818
17665,"SAN JOSE DE CALDAS",17,"CALDAS",5002,35.7764068044943,11.1299741562928
17777,"SUPIA",17,"CALDAS",31325,32.7150768254345,10.177600047372
17867,"VICTORIA",17,"CALDAS",10927,40.9115017653264,12.7274927253457
17873,"VILLAMARIA",17,"CALDAS",72649,29.7939033500214,9.26882836817382
17877,"VITERBO",17,"CALDAS",12728,33.194037339325,10.3266037796533
18001,"FLORENCIA",18,"CAQUETA",184170,44.9260862155572,12.0552417865871
18029,"ALBANIA",18,"CAQUETA",4833,59.7794108563106,16.040908800175
18094,"BELEN DE LOS ANDAQUIES",18,"CAQUETA",11371,51.348683099855,13.7786493847139
18150,"CARTAGENA DEL CHAIRA",18,"CAQUETA",32224,61.3497384119984,16.4622826602778
18205,"CURILLO",18,"CAQUETA",7783,62.2115964288665,16.6935493397121
18247,"EL DONCELLO",18,"CAQUETA",19817,56.472643958023,15.1535874719945
18256,"EL PAUJIL",18,"CAQUETA",18838,61.7132981545356,16.5598384673678
18410,"LA MONTANITA",18,"CAQUETA",15382,65.2056260336214,17.4969523031561
18460,"MILAN",18,"CAQUETA",10177,66.8910776193489,17.949217970992
18479,"MORELIA",18,"CAQUETA",3807,60.3799576638777,16.2020565336911
18592,"PUERTO RICO",18,"CAQUETA",27339,53.587275731816,14.3793421606321
18610,"SAN JOSE DE FRAGUA",18,"CAQUETA",13229,53.8918017728047,14.4610571588364
18753,"SAN VICENTE DEL CAGUAN",18,"CAQUETA",52473,47.0484469670974,12.6247454797292
18756,"SOLANO",18,"CAQUETA",10830,66.79721417638,17.9240311230996
18785,"SOLITA",18,"CAQUETA",6398,67.9458385839458,18.2322472648028
18860,"VALPARAISO",18,"CAQUETA",7156,62.9011736320223,16.8785870453043
19001,"POPAYAN",19,"CAUCA",348444,31.6728526445684,9.63870352024349
19022,"ALMAGUER",19,"CAUCA",18432,68.2502790955603,20.7699701936634
19050,"ARGELIA",19,"CAUCA",27464,57.2868547714584,17.4335736330976
19075,"BALBOA",19,"CAUCA",22220,63.87203464771,19.4375799399166
19100,"BOLIVAR",19,"CAUCA",38005,63.3432829310079,19.2766698668548
19110,"BUENOS AIRES",19,"CAUCA",33003,54.2434272635663,16.5073957556857
19130,"CAJIBIO",19,"CAUCA",45786,56.3411918904231,17.1457888780366
19137,"CALDONO",19,"CAUCA",43991,50.8301689410792,15.4686707195277
19142,"CALOTO",19,"CAUCA",31061,31.9362302639218,9.71885477202063
19212,"CORINTO",19,"CAUCA",27157,34.5335872459785,10.5092841712043
19256,"EL TAMBO",19,"CAUCA",57546,56.8533353713141,17.3016447217628
19290,"FLORENCIA",19,"CAUCA",5213,56.9342477957914,17.3262680444358
19318,"GUAPI",19,"CAUCA",29275,61.877311980944,18.8305446151914
19355,"INZA",19,"CAUCA",29139,53.3206807279441,16.2265849180576
19364,"JAMBALO",19,"CAUCA",19163,49.5211346724418,15.0703045428266
19392,"LA SIERRA",19,"CAUCA",11305,59.5994565294236,18.1373461336539
19397,"LA VEGA",19,"CAUCA",24423,67.2546188016444,20.4669701927594
19418,"LOPEZ DE MICAY",19,"CAUCA",19491,53.4856273256266,16.2767815760465
19450,"MERCADERES",19,"CAUCA",25765,66.1810454379869,20.1402596348047
19455,"MIRANDA",19,"CAUCA",32570,28.6723231003406,8.72558037958117
19473,"MORALES",19,"CAUCA",44523,59.7373227838747,18.1793016836327
19513,"PADILLA",19,"CAUCA",10541,34.4617964616465,10.4874367521092
19517,"PAEZ",19,"CAUCA",52403,53.8540852644442,16.3889109403257
19532,"PATIA (EL BORDO)",19,"CAUCA",38915,62.5252881516892,19.0277371531697
19533,"PIAMONTE",19,"CAUCA",9705,61.7505839875403,18.7919786682008
19548,"PIENDAMO",19,"CAUCA",42676,50.0923297562123,15.2441310095004
19573,"PUERTO TEJADA",19,"CAUCA",43471,16.3132558440706,4.96446083639518
19585,"PURACE",19,"CAUCA",18062,53.7654958431251,16.3619513488829
19622,"ROSAS",19,"CAUCA",12028,60.9907572215998,18.5607476829203
19693,"SAN SEBASTIAN",19,"CAUCA",10813,66.3786825847568,20.2004047023703
19698,"SANTANDER DE QUILICHAO",19,"CAUCA",126198,29.4954329826314,8.97606972479474
19701,"SANTA ROSA",19,"CAUCA",5328,51.9365996356878,15.8053804422264
19743,"SILVIA",19,"CAUCA",39887,57.8370633210645,17.6010134637775
19760,"SOTARA",19,"CAUCA",14596,60.5704065550318,18.4328262893201
19780,"SUAREZ",19,"CAUCA",37158,62.7955803228621,19.1099926459419
19785,"SUCRE",19,"CAUCA",9756,70.8678448099151,21.5665495276611
19807,"TIMBIO",19,"CAUCA",38572,50.4099275458579,15.3407825794562
19809,"TIMBIQUI",19,"CAUCA",29010,57.7436744445693,17.5725932989529
19821,"TORIBIO",19,"CAUCA",39282,44.5692232776926,13.5633355833796
19824,"TOTORO",19,"CAUCA",27100,54.5587743607054,16.6033623934055
19845,"VILLA RICA",19,"CAUCA",23298,24.606093846196,7.48814279649178
20001,"VALLEDUPAR",20,"CESAR",601259,52.0274563814907,13.4650548697833
20011,"AGUACHICA",20,"CESAR",132237,46.4058388736568,12.0101425318653
20013,"CODAZZI",20,"CESAR",67850,45.587691441663,11.7984004858466
20032,"ASTREA",20,"CESAR",22144,54.7719735011238,14.1753543189039
20045,"BECERRIL",20,"CESAR",26931,52.3371311810311,13.5452007861438
20060,"BOSCONIA",20,"CESAR",47690,55.6851772381851,14.4116975746006
20175,"CHIMICHAGUA",20,"CESAR",37732,63.8071998973605,16.5137315460005
20178,"CHIRIGUANA",20,"CESAR",32424,54.2587847906887,14.0425376366142
20228,"CURUMANI",20,"CESAR",44811,60.8885571109093,15.7583672057433
20238,"EL COPEY",20,"CESAR",34776,49.3414151625518,12.7698893761963
20250,"EL PASO",20,"CESAR",45704,49.4072171574204,12.786919374068
20295,"GAMARRA",20,"CESAR",16058,61.4313312238,15.8988407887374
20310,"GONZALEZ",20,"CESAR",4928,56.6765748487694,14.6682779295272
20383,"LA GLORIA",20,"CESAR",19514,59.8938721502292,15.5009360625505
20400,"LA JAGUA DE IBIRICO",20,"CESAR",58996,53.0294665618093,13.7243818289784
20443,"MANAURE BALCON DEL CESAR",20,"CESAR",11548,42.988631049266,11.1257462139003
20517,"PAILITAS",20,"CESAR",21068,62.4828255210364,16.1709745694807
20550,"PELAYA",20,"CESAR",24204,57.3963106525726,14.854550385726
20570,"PUEBLO BELLO",20,"CESAR",33724,61.9652145989033,16.0370133891258
20614,"RIO DE ORO",20,"CESAR",19390,53.1686918875914,13.7604142776373
20621,"LA PAZ  ROBLES",20,"CESAR",32751,44.4098578340323,11.4935692437053
20710,"SAN ALBERTO",20,"CESAR",31199,36.7664831200215,9.51541257273867
20750,"SAN DIEGO",20,"CESAR",23324,47.9062148506842,12.3984499038007
20770,"SAN MARTIN",20,"CESAR",33351,38.1372243297075,9.87016959690219
20787,"TAMALAMEQUE",20,"CESAR",16871,62.0620571804427,16.0620768991425
23001,"MONTERIA",23,"CORDOBA",563597,35.2831539508233,20.7308420223761
23068,"AYAPEL",23,"CORDOBA",49883,57.3270182447327,33.6828550106898
23079,"BUENAVISTA",23,"CORDOBA",22295,50.5017310894155,29.6726140336092
23090,"CANALETE",23,"CORDOBA",16420,42.3851016249475,24.903636650902
23162,"CERETE",23,"CORDOBA",119389,33.517436145338,19.6933832698895
23168,"CHIMA",23,"CORDOBA",19407,56.1014441542515,32.9627611411934
23182,"CHINU",23,"CORDOBA",52071,45.9517349478009,26.9992347958658
23189,"CIENAGA DE ORO",23,"CORDOBA",62594,46.9377970292781,27.5786018576611
23300,"COTORRA",23,"CORDOBA",21334,50.900876955155,29.9071347314488
23350,"LA APARTADA",23,"CORDOBA",16297,58.5674410279824,34.4116733242777
23417,"LORICA",23,"CORDOBA",120346,48.3883139249543,28.4308623062866
23419,"LOS CORDOBAS",23,"CORDOBA",19217,52.0971079287817,30.6099878655845
23464,"MOMIL",23,"CORDOBA",22186,51.4856723931427,30.2507350189182
23466,"MONTELIBANO",23,"CORDOBA",87467,48.0525472819543,28.2335804747894
23500,"MONITOS",23,"CORDOBA",32846,48.0828092271002,28.2513610735698
23555,"PLANETA RICA",23,"CORDOBA",66459,40.3944305135362,23.7340051495149
23570,"PUEBLO NUEVO",23,"CORDOBA",37976,50.9581389976981,29.9407794095718
23574,"PUERTO ESCONDIDO",23,"CORDOBA",24650,49.2778282638922,28.9535021264926
23580,"PUERTO LIBERTADOR",23,"CORDOBA",45697,56.5998009630192,33.2555738610466
23586,"PURISIMA",23,"CORDOBA",19091,49.2496751454375,28.9369605822776
23660,"SAHAGUN",23,"CORDOBA",118572,43.7919743873504,25.7302537108058
23670,"SAN ANDRES DE SOTAVENTO",23,"CORDOBA",52225,52.1857592381983,30.6620755075553
23672,"SAN ANTERO",23,"CORDOBA",38802,46.3872491266611,27.2551239279156
23675,"SAN BERNARDO DEL VIENTO",23,"CORDOBA",40897,48.4245171761099,28.4521337572869
23678,"SAN CARLOS",23,"CORDOBA",28745,41.9957088479639,24.6748464425337
23686,"SAN PELAYO",23,"CORDOBA",57804,51.6293387172183,30.3351470834546
23807,"TIERRALTA",23,"CORDOBA",100490,49.0927799468166,28.8447758081724
23855,"VALENCIA",23,"CORDOBA",36721,50.645112416234,29.7568586461904
25001,"AGUA DE DIOS",25,"CUNDINAMARCA",11820,31.6101579761833,13.7791428892069
25019,"ALBAN",25,"CUNDINAMARCA",6911,34.4037412406261,14.9968901400323
25035,"ANAPOIMA",25,"CUNDINAMARCA",16635,29.2197593407463,12.7371473261139
25040,"ANOLAIMA",25,"CUNDINAMARCA",14581,35.2260014729535,15.3553205294624
25053,"ARBELAEZ",25,"CUNDINAMARCA",10753,31.8285805752456,13.8743552005461
25086,"BELTRAN",25,"CUNDINAMARCA",1805,54.2050599816082,23.6284572626103
25095,"BITUIMA",25,"CUNDINAMARCA",2476,39.5217585180595,17.2278784010944
25099,"BOJACA",25,"CUNDINAMARCA",10793,17.3458219674202,7.56119471468345
25120,"CABRERA",25,"CUNDINAMARCA",4887,45.6468492626713,19.8978587486445
25123,"CACHIPAY",25,"CUNDINAMARCA",10338,36.1560404649578,15.7607326179758
25126,"CAJICA",25,"CUNDINAMARCA",118870,3.79571992553471,1.65458734058714
25148,"CAPARRAPI",25,"CUNDINAMARCA",11509,60.6577489905494,26.4412405438836
25151,"CAQUEZA",25,"CUNDINAMARCA",18061,35.6099231593243,15.5226753329011
25154,"CARMEN DE CARUPA",25,"CUNDINAMARCA",7764,43.1400059052837,18.8051039181141
25168,"CHAGUANI",25,"CUNDINAMARCA",4366,53.4262025812142,23.2889465452507
25175,"CHIA",25,"CUNDINAMARCA",169539,2.89510685399163,1.26200226682605
25178,"CHIPAQUE",25,"CUNDINAMARCA",10150,27.6872515597035,12.0691138506178
25181,"CHOACHI",25,"CUNDINAMARCA",11283,24.9201641145075,10.8629163579316
25183,"CHOCONTA",25,"CUNDINAMARCA",21836,30.8855785160579,13.4632923982611
25200,"COGUA",25,"CUNDINAMARCA",24963,13.6148353449222,5.93482518410869
25214,"COTA",25,"CUNDINAMARCA",46260,1.90037352954129,0.828389355919871
25224,"CUCUNUBA",25,"CUNDINAMARCA",8234,18.9289964963181,8.25131426640078
25245,"EL COLEGIO",25,"CUNDINAMARCA",26618,28.7017395836381,12.5113380069069
25258,"EL PEÑOL",25,"CUNDINAMARCA",4710,58.8733984757758,25.663426629571
25260,"EL ROSAL",25,"CUNDINAMARCA",26497,9.81773199039565,4.27963479478735
25269,"FACATATIVA",25,"CUNDINAMARCA",161874,14.8377157215036,6.46788938005538
25279,"FOMEQUE",25,"CUNDINAMARCA",12340,38.2024060872276,16.652761197335
25281,"FOSCA",25,"CUNDINAMARCA",5631,40.7806151778888,17.7766249719242
25286,"FUNZA",25,"CUNDINAMARCA",118457,3.25881616222199,1.42054631877342
25288,"FUQUENE",25,"CUNDINAMARCA",4961,20.6489643147667,9.00106320321714
25290,"FUSAGASUGA",25,"CUNDINAMARCA",156943,20.5347458984053,8.95127440175626
25293,"GACHALA",25,"CUNDINAMARCA",4548,59.2299219832292,25.8188383284389
25295,"GACHANCIPA",25,"CUNDINAMARCA",20800,7.5542576599382,3.29296664055275
25297,"GACHETA",25,"CUNDINAMARCA",8619,47.7969939171338,20.8351255110766
25299,"GAMA",25,"CUNDINAMARCA",3193,57.4084613342183,25.0248477837317
25307,"GIRARDOT",25,"CUNDINAMARCA",103831,17.7310649795082,7.72912549549856
25312,"GRANADA",25,"CUNDINAMARCA",7614,29.5123656264863,12.8646969519186
25317,"GUACHETA",25,"CUNDINAMARCA",14716,23.40737006603,10.2034762699821
25320,"GUADUAS",25,"CUNDINAMARCA",30787,46.5330679099668,20.284169167636
25322,"GUASCA",25,"CUNDINAMARCA",17529,15.3478315565938,6.69025331088583
25324,"GUATAQUI",25,"CUNDINAMARCA",3118,48.6064217888544,21.187962162869
25326,"GUATAVITA",25,"CUNDINAMARCA",6391,27.12238114399,11.8228819216959
25328,"GUAYABAL DE SIQUIMA",25,"CUNDINAMARCA",5062,40.5490478954168,17.67568277872
25335,"GUAYABETAL",25,"CUNDINAMARCA",6989,38.5446231545609,16.8019365944799
25339,"GUTIERREZ",25,"CUNDINAMARCA",3512,33.7870976536926,14.7280898353178
25368,"JERUSALEN",25,"CUNDINAMARCA",2169,46.3960977837813,20.2244626979092
25372,"JUNIN",25,"CUNDINAMARCA",5105,42.8003625192968,18.6570504110607
25377,"LA CALERA",25,"CUNDINAMARCA",42445,8.82322504106466,3.8461205627653
25386,"LA MESA",25,"CUNDINAMARCA",36901,24.9061643615211,10.8568137437986
25394,"LA PALMA",25,"CUNDINAMARCA",9706,62.1683365657248,27.0997188109231
25398,"LA PEÑA",25,"CUNDINAMARCA",6051,59.5330348308731,25.950967855991
25402,"LA VEGA",25,"CUNDINAMARCA",18891,32.5440267092228,14.1862243951585
25407,"LENGUAZAQUE",25,"CUNDINAMARCA",10629,24.677842489919,10.7572862534296
25426,"MACHETA",25,"CUNDINAMARCA",6273,39.1710521362922,17.0750024379256
25430,"MADRID",25,"CUNDINAMARCA",139289,5.49155153432437,2.39381509361362
25436,"MANTA",25,"CUNDINAMARCA",3502,56.5525795949555,24.6517614869011
25438,"MEDINA",25,"CUNDINAMARCA",8472,50.7528648750632,22.1236153794934
25473,"MOSQUERA",25,"CUNDINAMARCA",173675,6.73478831364254,2.93575282262623
25483,"NARIÑO",25,"CUNDINAMARCA",2462,44.1280174054601,19.2357867273354
25486,"NEMOCON",25,"CUNDINAMARCA",14659,10.1317627566788,4.41652353806675
25488,"NILO",25,"CUNDINAMARCA",11030,34.9574308342265,15.2382482513152
25489,"NIMAIMA",25,"CUNDINAMARCA",3674,51.6683553985248,22.5226856639885
25491,"NOCAIMA",25,"CUNDINAMARCA",5654,40.5681577100645,17.6840129131918
25506,"VENECIA",25,"CUNDINAMARCA",4505,43.9379846411192,19.1529497919599
25513,"PACHO",25,"CUNDINAMARCA",25018,33.3290641986142,14.5284290670826
25518,"PAIME",25,"CUNDINAMARCA",3853,70.1723294972807,30.5887289693414
25524,"PANDI",25,"CUNDINAMARCA",4941,42.382405839772,18.4748594579813
25530,"PARATEBUENO",25,"CUNDINAMARCA",8841,41.2438210724947,17.9785404515528
25535,"PASCA",25,"CUNDINAMARCA",9386,24.2536419742609,10.5723735578546
25572,"PUERTO SALGAR",25,"CUNDINAMARCA",15771,52.1464814517487,22.7311049705731
25580,"PULI",25,"CUNDINAMARCA",3652,61.1362565878442,26.6498261688483
25592,"QUEBRADANEGRA",25,"CUNDINAMARCA",4922,43.6223704920126,19.0153708383314
25594,"QUETAME",25,"CUNDINAMARCA",5182,35.9890852492602,15.6879553868424
25596,"QUIPILE",25,"CUNDINAMARCA",5777,45.2639359348471,19.7309434974697
25599,"APULO",25,"CUNDINAMARCA",8624,37.2000567319787,16.2158283923397
25612,"RICAURTE",25,"CUNDINAMARCA",15191,24.3500642577152,10.6144048701442
25645,"S.ANTONIO TEQUENDAMA",25,"CUNDINAMARCA",12208,26.8047927979101,11.68444239843
25649,"SAN BERNARDO",25,"CUNDINAMARCA",8709,40.4834295932212,17.6470791898742
25653,"SAN CAYETANO",25,"CUNDINAMARCA",4839,54.1861818981315,23.6202281417722
25658,"SAN FRANCISCO",25,"CUNDINAMARCA",12563,25.4123412695697,11.0774606620605
25662,"SAN JUAN DE RIO SECO",25,"CUNDINAMARCA",8423,49.5746472201255,21.6100200525037
25718,"SASAIMA",25,"CUNDINAMARCA",11389,30.2693178886899,13.1946590289532
25736,"SESQUILE",25,"CUNDINAMARCA",12723,17.4330900360426,7.59923562508067
25740,"SIBATE",25,"CUNDINAMARCA",40013,21.0854241327392,9.19131983533431
25743,"SILVANIA",25,"CUNDINAMARCA",22445,31.1943572773564,13.597891746872
25745,"SIMIJACA",25,"CUNDINAMARCA",14289,40.5562829783517,17.6788366143209
25754,"SOACHA",25,"CUNDINAMARCA",842579,12.6810456416195,5.52777812790696
25758,"SOPO",25,"CUNDINAMARCA",32937,5.59151362054706,2.43738943672837
25769,"SUBACHOQUE",25,"CUNDINAMARCA",17703,10.0175626416585,4.3667427143197
25772,"SUESCA",25,"CUNDINAMARCA",19171,19.0952934954482,8.32380457520549
25777,"SUPATA",25,"CUNDINAMARCA",5529,34.7371333079762,15.1422186429017
25779,"SUSA",25,"CUNDINAMARCA",6595,43.1080622673767,18.7911794084216
25781,"SUTATAUSA",25,"CUNDINAMARCA",6727,24.8187287938091,10.8186998190909
25785,"TABIO",25,"CUNDINAMARCA",22884,5.00861710852197,2.18329977558636
25793,"TAUSA",25,"CUNDINAMARCA",8560,26.1177389923159,11.3849496667901
25797,"TENA",25,"CUNDINAMARCA",11062,28.1117264153913,12.2541461333987
25799,"TENJO",25,"CUNDINAMARCA",24623,3.35804281780259,1.4638000812726
25805,"TIBACUY",25,"CUNDINAMARCA",4276,37.6614251728961,16.4169429099185
25807,"TIBIRITA",25,"CUNDINAMARCA",3346,51.7910194272143,22.5761559813451
25815,"TOCAIMA",25,"CUNDINAMARCA",16059,38.4265617869344,16.7504726171266
25817,"TOCANCIPA",25,"CUNDINAMARCA",48367,5.32923814930974,2.32306127686166
25823,"TOPAIPI",25,"CUNDINAMARCA",3994,61.2729354995446,26.7094056956473
25839,"UBALA",25,"CUNDINAMARCA",7889,56.3951447058574,24.583134248965
25841,"UBAQUE",25,"CUNDINAMARCA",6923,34.1953790303444,14.9060632396939
25843,"UBATE",25,"CUNDINAMARCA",47305,18.1169935531757,7.89735511857095
25845,"UNE",25,"CUNDINAMARCA",6730,36.9600983668623,16.1112284532033
25851,"UTICA",25,"CUNDINAMARCA",4342,52.4811598906907,22.8769942140116
25862,"VERGARA",25,"CUNDINAMARCA",6708,46.2739767963866,20.1712290969778
25867,"VIANI",25,"CUNDINAMARCA",4624,48.5277278692274,21.1536587986191
25871,"VILLAGOMEZ",25,"CUNDINAMARCA",1645,56.7025670898046,24.7171423408873
25873,"VILLAPINZON",25,"CUNDINAMARCA",18129,35.1687838304189,15.3303788612537
25875,"VILLETA",25,"CUNDINAMARCA",29130,29.2652122234013,12.7569606331306
25878,"VIOTA",25,"CUNDINAMARCA",13500,34.4194949792274,15.0037573317556
25885,"YACOPI",25,"CUNDINAMARCA",11191,64.323060090391,28.0389815427159
25898,"ZIPACON",25,"CUNDINAMARCA",4679,25.3601810283451,11.0547235590853
25899,"ZIPAQUIRA",25,"CUNDINAMARCA",163372,6.99300847242861,3.04831323651178
27001,"QUIBDO",27,"CHOCO",140076,50.9183123636007,29.5495715983969
27006,"ACANDI",27,"CHOCO",15963,41.5454283371184,24.1101786812427
27025,"ALTO BAUDO",27,"CHOCO",28940,72.5438497514067,42.0995823063636
27050,"ATRATO",27,"CHOCO",6409,58.7815935309339,34.1128923187147
27073,"BAGADO",27,"CHOCO",12471,53.2048220407998,30.8765083777297
27075,"BAHIA SOLANO",27,"CHOCO",10756,59.4071726053307,34.475936433715
27077,"BAJO BAUDO",27,"CHOCO",34197,75.3673704443463,43.738164242854
27099,"BOJAYA",27,"CHOCO",13019,72.1786923190337,41.8876694366765
27135,"CANTON DE SAN PABLO",27,"CHOCO",6486,59.4797076835131,34.5180309255913
27150,"CARMEN DEL DARIEN",27,"CHOCO",21234,65.4296472635751,37.9709765843492
27160,"CERTEGUI",27,"CHOCO",5986,67.2546760248761,39.03010080799
27205,"CONDOTO",27,"CHOCO",12664,54.1777094297123,31.4411069321861
27245,"EL CARMEN",27,"CHOCO",8622,41.3785549309536,24.0133365544236
27250,"EL LITORAL DEL SAN JUAN",27,"CHOCO",26236,70.9259742731689,41.1606759470936
27361,"ITSMINA",27,"CHOCO",35215,52.816990700987,30.6514370937079
27372,"JURADO",27,"CHOCO",8260,61.0480961848291,35.4282183643028
27413,"LLORO",27,"CHOCO",10316,51.2880688370366,29.764153442896
27425,"MEDIO ATRATO",27,"CHOCO",11179,63.2090305594532,36.6822796648112
27430,"MEDIO BAUDO",27,"CHOCO",17004,64.3981727117603,37.3723779720637
27450,"MEDIO SAN JUAN",27,"CHOCO",11112,61.2346731350175,35.5364951058577
27491,"NOVITA",27,"CHOCO",9825,61.1151429445749,35.4671278044547
27495,"NUQUI",27,"CHOCO",18555,71.7873607101373,41.6605668313657
27580,"RIO IRO",27,"CHOCO",5747,58.1845401797144,33.7664026192145
27600,"RIO QUITO",27,"CHOCO",8434,62.4311796568979,36.2308671990209
27615,"RIOSUCIO",27,"CHOCO",30082,51.5887187892821,29.938630499922
27660,"SAN JOSE DEL PALMAR",27,"CHOCO",5164,66.0128405597635,38.309422837995
27745,"SIPI",27,"CHOCO",3325,59.5201118864629,34.5414788136402
27787,"TADO",27,"CHOCO",19134,59.1871960212337,34.3482767859378
27800,"UNGUIA",27,"CHOCO",12703,42.2335170660726,24.5094992050081
27810,"UNION PANAMERICANA",27,"CHOCO",7202,54.9732464483514,31.9027832329163
41001,"NEIVA",41,"HUILA",396442,27.6849411277399,7.95355838214058
41006,"ACEVEDO",41,"HUILA",25976,44.3573797851245,12.7433541639816
41013,"AGRADO",41,"HUILA",9282,39.870160804744,11.4542288604734
41016,"AIPE",41,"HUILA",17200,39.7031949493861,11.4062615315097
41020,"ALGECIRAS",41,"HUILA",22769,47.173901134644,13.552507663156
41026,"ALTAMIRA",41,"HUILA",4710,42.2526438197833,12.1386882446252
41078,"BARAYA",41,"HUILA",8221,57.2659082789152,16.4518227689597
41132,"CAMPOALEGRE",41,"HUILA",31873,37.8733695934944,10.8805742009839
41206,"COLOMBIA",41,"HUILA",7666,48.6069936182842,13.9642182997453
41244,"ELIAS",41,"HUILA",4683,49.4161365995581,14.1966755735885
41298,"GARZON",41,"HUILA",76079,39.5852247480255,11.3723700784073
41306,"GIGANTE",41,"HUILA",23760,43.995866295781,12.6394955850467
41319,"GUADALUPE",41,"HUILA",18490,42.4892253682179,12.2066553444623
41349,"HOBO",41,"HUILA",7995,38.5416108374027,11.0725520607979
41357,"IQUIRA",41,"HUILA",9715,45.7717318937355,13.1496809109607
41359,"ISNOS",41,"HUILA",26521,45.9917832335711,13.2128990760409
41378,"LA ARGENTINA",41,"HUILA",13876,52.8484101052288,15.1827274342324
41396,"LA PLATA",41,"HUILA",67536,47.7439587370425,13.7162785160879
41483,"NATAGA",41,"HUILA",7007,45.3737430291536,13.0353433851813
41503,"OPORAPA",41,"HUILA",12309,54.2028505765133,15.5718422715654
41518,"PAICOL",41,"HUILA",7546,45.4695997352959,13.0628818908658
41524,"PALERMO",41,"HUILA",26677,34.7912048697929,9.99510448081279
41530,"PALESTINA",41,"HUILA",11821,49.183152948931,14.1297421075284
41548,"PITAL",41,"HUILA",14641,45.200882867103,12.9856826911429
41551,"PITALITO",41,"HUILA",140776,37.524911981664,10.7804664222963
41615,"RIVERA",41,"HUILA",28367,33.6448411208738,9.66576764162184
41660,"SALADOBLANCO",41,"HUILA",10768,46.9980330425555,13.5019828261507
41668,"SAN AGUSTIN",41,"HUILA",35620,51.032725736969,14.6611026433447
41676,"SANTA MARIA",41,"HUILA",10740,46.2617150897053,13.2904473275274
41770,"SUAZA",41,"HUILA",25611,45.9680750749391,13.2060880005562
41791,"TARQUI",41,"HUILA",18649,51.0922185318043,14.678194224463
41797,"TESALIA",41,"HUILA",12047,41.2495104135608,11.8504998004218
41799,"TELLO",41,"HUILA",12495,50.1074470219947,14.3952809374092
41801,"TERUEL",41,"HUILA",8237,45.8274766226931,13.1656957167793
41807,"TIMANA",41,"HUILA",23228,42.4695758095588,12.201010257075
41872,"VILLAVIEJA",41,"HUILA",7418,48.2300150339113,13.8559167806707
41885,"YAGUARA",41,"HUILA",8003,36.1599922686418,10.3883410219075
44001,"RIOHACHA",44,"LA GUAJIRA",209292,48.9181991535914,35.4170767807069
44035,"ALBANIA",44,"LA GUAJIRA",35960,46.6319438760335,33.7618139111289
44078,"BARRANCAS",44,"LA GUAJIRA",42798,49.0362297136747,35.5025316314837
44090,"DIBULLA",44,"LA GUAJIRA",48596,55.4916622871274,40.1763044821318
44098,"DISTRACCION",44,"LA GUAJIRA",14277,51.1966337334725,37.0666774171101
44110,"EL MOLINO",44,"LA GUAJIRA",7527,62.6001573892016,45.3228986164532
44279,"FONSECA",44,"LA GUAJIRA",53775,46.1520453665481,33.4143644413717
44378,"HATONUEVO",44,"LA GUAJIRA",23232,53.2615933250889,38.5617208502445
44420,"LA JAGUA DEL PILAR",44,"LA GUAJIRA",4149,53.299712387397,38.5893192855904
44430,"MAICAO",44,"LA GUAJIRA",208965,55.9624772267919,40.5171773915217
44560,"MANAURE",44,"LA GUAJIRA",96422,61.0223740442872,44.1805737795412
44650,"SAN JUAN DEL CESAR",44,"LA GUAJIRA",57850,50.1499254690145,36.3088542018092
44847,"URIBIA",44,"LA GUAJIRA",200665,60.1087936114073,43.5191359323493
44855,"URUMITA",44,"LA GUAJIRA",11700,49.9522591605226,36.1657425798372
44874,"VILLANUEVA",44,"LA GUAJIRA",32651,58.217163844908,42.1495843576802
47001,"SANTA MARTA",47,"MAGDALENA",574486,43.0725158410581,16.3775009417724
47030,"ALGARROBO",47,"MAGDALENA",18615,43.9480237781542,16.7103961020466
47053,"ARACATACA",47,"MAGDALENA",44403,51.6932969234917,19.6553881870256
47058,"ARIGUANI",47,"MAGDALENA",31525,63.1925029995333,24.0277415233145
47161,"CERRO SAN ANTONIO",47,"MAGDALENA",11374,62.7124334352007,23.8452042466208
47170,"CHIVOLO",47,"MAGDALENA",25934,68.0498649060888,25.8746605538326
47189,"CIENAGA",47,"MAGDALENA",136851,43.3017371662465,16.4646579697714
47205,"CONCORDIA",47,"MAGDALENA",11170,61.0769619360589,23.2233474663882
47245,"EL BANCO",47,"MAGDALENA",75024,59.3631448144816,22.5717012605749
47258,"EL PIÑON",47,"MAGDALENA",26170,70.0529000541969,26.6362763866666
47268,"EL RETEN",47,"MAGDALENA",21274,55.7499604728945,21.1978569702739
47288,"FUNDACION",47,"MAGDALENA",75360,45.6336170183732,17.3513107163914
47318,"GUAMAL",47,"MAGDALENA",28668,57.7812541101818,21.9702175535388
47460,"NUEVA GRANADA",47,"MAGDALENA",22650,61.8700519129719,23.5249047724841
47541,"PEDRAZA",47,"MAGDALENA",10248,68.6135698059492,26.0889985684128
47545,"EL PIJI¥O DEL CARMEN",47,"MAGDALENA",14019,56.0525625545563,21.3129156284606
47551,"PIVIJAY",47,"MAGDALENA",40406,60.9790543865977,23.1861199919258
47555,"PLATO",47,"MAGDALENA",72742,65.946023508145,25.074715071119
47570,"PUEBLOVIEJO",47,"MAGDALENA",34162,61.1836466060474,23.2639122731819
47605,"REMOLINO",47,"MAGDALENA",13533,64.401645819406,24.4874949712969
47660,"SABANA DE SAN ANGEL",47,"MAGDALENA",16704,60.9157150072385,23.1620364034738
47675,"SALAMINA",47,"MAGDALENA",12611,61.4174075951798,23.352795421633
47692,"SAN SEBASTIAN BUENAVIST",47,"MAGDALENA",21808,55.1499037767856,20.9696968799298
47703,"SAN ZENON",47,"MAGDALENA",13973,55.7098149718971,21.1825924107849
47707,"SANTA ANA",47,"MAGDALENA",28187,60.5157667894636,23.0099637375204
47720,"SANTA BARBARA DE PINTO",47,"MAGDALENA",11045,63.4392753965393,24.1215720109341
47745,"SITIONUEVO",47,"MAGDALENA",28889,43.6681441878775,16.6039772369342
47798,"TENERIFE",47,"MAGDALENA",14340,66.6335198749117,25.3361224250738
47960,"ZAPAYAN",47,"MAGDALENA",11061,66.9855533567493,25.4699764284389
47980,"ZONA BANANERA",47,"MAGDALENA",79037,41.9369390848291,15.9457195834877
50001,"VILLAVICENCIO",50,"META",579176,23.4047043952484,7.91020152318241
50006,"ACACIAS",50,"META",102025,19.053647518117,6.43965371554057
50110,"BARRANCA DE UPIA",50,"META",7750,33.7373058661266,11.4023609845073
50124,"CABUYARO",50,"META",6865,30.8887975664133,10.4396368111669
50150,"CASTILLA LA NUEVA",50,"META",17240,23.4165318522848,7.91419890623347
50223,"CUBARRAL",50,"META",7436,42.9585487202835,14.5189091809201
50226,"CUMARAL",50,"META",24556,29.3416205380555,9.91672988272767
50245,"EL CALVARIO",50,"META",1896,48.26340597564,16.3118175310082
50251,"EL CASTILLO",50,"META",8473,47.8799647127261,16.1822240266114
50270,"EL DORADO",50,"META",4122,47.10263698484,15.9195068021894
50287,"FUENTE DE ORO",50,"META",12853,49.836386947017,16.8434455432915
50313,"GRANADA",50,"META",73899,37.1263572129475,12.5477751146344
50318,"GUAMAL",50,"META",16202,21.7815816884447,7.36162686524839
50325,"MAPIRIPAN",50,"META",7280,64.4639337183112,21.7871885103766
50330,"MESETAS",50,"META",11781,54.6921213533338,18.4845616645793
50350,"LA MACARENA",50,"META",29571,68.8848742361097,23.2813552311871
50370,"LA URIBE",50,"META",9695,54.3060657471672,18.3540845779064
50400,"LEJANIAS",50,"META",12161,47.0875222394722,15.9143983983484
50450,"PUERTO CONCORDIA",50,"META",8692,56.9177399233003,19.2367647731879
50568,"PUERTO GAITAN",50,"META",53006,39.9992477821401,13.5187398819133
50573,"PUERTO LOPEZ",50,"META",32222,28.8382256345321,9.74659506430108
50577,"PUERTO LLERAS",50,"META",10704,65.4547475891464,22.12205868254
50590,"PUERTO RICO",50,"META",13492,62.637612761653,21.1699379538555
50606,"RESTREPO",50,"META",21173,28.1675345280435,9.51991833630071
50680,"SAN CARLOS GUAROA",50,"META",14424,28.7766752388537,9.72579257838094
50683,"SAN JUAN DE ARAMA",50,"META",9444,57.7307127717644,19.5115291519908
50686,"SAN JUANITO",50,"META",1395,56.0168017257167,18.9322703184634
50689,"SAN MARTIN",50,"META",28332,44.129551749885,14.9146787574966
50711,"VISTA HERMOSA",50,"META",18421,61.9792915650719,20.9474419443355
52001,"PASTO",52,"NARINO",403166,38.3620213394873,12.990960014734
52019,"ALBAN",52,"NARINO",9628,57.380628709026,19.4314435775563
52022,"ALDANA",52,"NARINO",7748,39.6733919621462,13.4350441043782
52036,"ANCUYA",52,"NARINO",8823,56.9273427909239,19.2779423012498
52051,"ARBOLEDA",52,"NARINO",9049,61.9503842764309,20.9789509762907
52079,"BARBACOAS",52,"NARINO",63548,68.3114442772057,23.1330678146631
52083,"BELEN",52,"NARINO",6288,56.4898106425177,19.1297759000374
52110,"BUESACO",52,"NARINO",25040,56.8901261316847,19.2653392080035
52203,"COLON",52,"NARINO",8501,53.9995974077715,18.2864871620832
52207,"CONSACA",52,"NARINO",15175,56.0020936879417,18.9646148570534
52210,"CONTADERO",52,"NARINO",7530,52.2982351160034,17.7103358350366
52215,"CORDOBA",52,"NARINO",16735,48.9162952754421,16.5650717507443
52224,"CUASPUD",52,"NARINO",9889,51.7142405562775,17.5125712306357
52227,"CUMBAL",52,"NARINO",40406,54.1466861285393,18.3362974594396
52233,"CUMBITARA",52,"NARINO",5948,50.3131316781087,17.0380980726261
52240,"CHACHAGUI",52,"NARINO",16366,52.9708962675487,17.9381265983506
52250,"EL CHARCO",52,"NARINO",22396,59.1181149608203,20.0198279649028
52254,"EL PENOL",52,"NARINO",7831,58.7329584240618,19.8893981024051
52256,"EL ROSARIO",52,"NARINO",12872,68.7350527005346,23.276519069243
52258,"EL TABLON",52,"NARINO",14671,57.5571006303981,19.4912042365158
52260,"EL TAMBO",52,"NARINO",14548,57.5726920531833,19.4964841342611
52287,"FUNES",52,"NARINO",7441,59.2390002158956,20.0607646898255
52317,"GUACHUCAL",52,"NARINO",20468,49.7178813528983,16.8365218025663
52320,"GUAITARILLA",52,"NARINO",11604,59.8887647392495,20.2808017120456
52323,"GUALMATAN",52,"NARINO",7609,45.387472262747,15.3700669763268
52352,"ILES",52,"NARINO",7678,51.1744516849822,17.3297764925446
52354,"IMUES",52,"NARINO",7836,56.3461953376461,19.0811418443243
52356,"IPIALES",52,"NARINO",121440,40.1108938409704,13.5832002550638
52378,"LA CRUZ",52,"NARINO",19560,57.4797965284292,19.4650258845263
52381,"LA FLORIDA",52,"NARINO",10098,51.4200705258597,17.4129531456325
52385,"LA LLANADA",52,"NARINO",6565,63.4548463185266,21.4884237712613
52390,"LA TOLA",52,"NARINO",7838,61.3516260187762,20.7761867758632
52399,"LA UNION",52,"NARINO",34338,49.9640920933177,16.9198988972111
52405,"LEYVA",52,"NARINO",9779,65.2917585892411,22.110477902566
52411,"LINARES",52,"NARINO",10242,55.4901446051981,18.7912478176931
52418,"LOS ANDES",52,"NARINO",9553,57.1928628380069,19.3678583222081
52427,"MAGUI",52,"NARINO",27970,66.4045483698899,22.4873143423688
52435,"MALLAMA",52,"NARINO",8934,58.024589924577,19.6495153607981
52473,"MOSQUERA",52,"NARINO",12081,67.0113390872298,22.6927986643892
52480,"NARI¥O",52,"NARINO",4530,45.4314034308921,15.3849438787643
52490,"OLAYA HERRERA",52,"NARINO",26822,62.9801652884248,21.3276772290696
52506,"OSPINA",52,"NARINO",7111,50.1544965145944,16.984377674321
52520,"FRANCIS PIZARRO",52,"NARINO",15667,71.6275384344401,24.2560338393283
52540,"POLICARPA",52,"NARINO",9905,49.0473682267767,16.6094584491076
52560,"POTOSI",52,"NARINO",10402,44.6584305486996,15.1231834330315
52565,"PROVIDENCIA",52,"NARINO",5555,61.7700779240517,20.9178918211062
52573,"PUERRES",52,"NARINO",8534,49.6512083693844,16.8139435850312
52585,"PUPIALES",52,"NARINO",17327,44.2055510257126,14.9698197788447
52612,"RICAURTE",52,"NARINO",22530,65.2237201896588,22.0874372989279
52621,"ROBERTO PAYAN",52,"NARINO",12427,61.6329086115688,20.8714406438352
52678,"SAMANIEGO",52,"NARINO",29401,59.8185653196327,20.257029298042
52683,"SANDONA",52,"NARINO",20826,50.7501190252841,17.1860799817091
52685,"SAN BERNARDO",52,"NARINO",9192,55.2138642234103,18.6976879043377
52687,"SAN LORENZO",52,"NARINO",18725,57.5666287696703,19.4944308568027
52693,"SAN PABLO",52,"NARINO",15407,53.504384002195,18.1187875121176
52694,"SAN PEDRO DE CARTAGO",52,"NARINO",6842,58.8579167718995,19.9317141442503
52696,"SANTA BARBARA",52,"NARINO",14142,66.9383642585816,22.6680863826076
52699,"SANTACRUZ",52,"NARINO",10666,66.0759732116606,22.376045264428
52720,"SAPUYES",52,"NARINO",7368,53.9343806475579,18.2644020817187
52786,"TAMINANGO",52,"NARINO",18398,56.987692959529,19.2983793533095
52788,"TANGUA",52,"NARINO",14521,57.2164974940741,19.3758619899298
52835,"TUMACO",52,"NARINO",272306,68.8724662517747,23.3230529558139
52838,"TUQUERRES",52,"NARINO",47014,51.0323103650052,17.2816415888095
52885,"YACUANQUER",52,"NARINO",11573,56.0358447824678,18.9760443673902
54001,"CUCUTA",54,"NORTE DE SANTANDER",790984,27.4359887614629,11.6508159142225
54003,"ABREGO",54,"NORTE DE SANTANDER",35875,50.2486155680501,21.3383003987159
54051,"ARBOLEDAS",54,"NORTE DE SANTANDER",10559,60.4965093566835,25.6901145461097
54099,"BOCHALEMA",54,"NORTE DE SANTANDER",9467,50.2605554797121,21.3433707358565
54109,"BUCARASICA",54,"NORTE DE SANTANDER",7559,60.6998933796209,25.7764824853788
54125,"CACOTA",54,"NORTE DE SANTANDER",3121,52.9916854329942,22.503157343154
54128,"CACHIRA",54,"NORTE DE SANTANDER",12099,55.2202801102596,23.4495400872928
54172,"CHINACOTA",54,"NORTE DE SANTANDER",20021,42.6287476033691,18.1024892267898
54174,"CHITAGA",54,"NORTE DE SANTANDER",13208,60.7570865566895,25.8007698250249
54206,"CONVENCION",54,"NORTE DE SANTANDER",20973,50.9126419422154,21.6202821823816
54223,"CUCUTILLA",54,"NORTE DE SANTANDER",8603,57.5797493373331,24.451499297107
54239,"DURANIA",54,"NORTE DE SANTANDER",5044,47.3902641360385,20.1244886187921
54245,"EL CARMEN",54,"NORTE DE SANTANDER",14851,58.3046580603654,24.7593350438006
54250,"EL TARRA",54,"NORTE DE SANTANDER",26769,44.2452889700897,18.7889607822761
54261,"EL ZULIA",54,"NORTE DE SANTANDER",31482,39.1668949747831,16.6323979518409
54313,"GRAMALOTE",54,"NORTE DE SANTANDER",8430,52.7201246644882,22.3878378425194
54344,"HACARI",54,"NORTE DE SANTANDER",10775,53.3543505237496,22.6571647036192
54347,"HERRAN",54,"NORTE DE SANTANDER",8388,62.4343383659868,26.5130223427606
54377,"LABATECA",54,"NORTE DE SANTANDER",6999,56.1179425965012,23.8307364958215
54385,"LA ESPERANZA",54,"NORTE DE SANTANDER",12516,46.4159631875395,19.7107473428823
54398,"LA PLAYA",54,"NORTE DE SANTANDER",8582,53.45058083891,22.6980293393737
54405,"LOS PATIOS",54,"NORTE DE SANTANDER",103208,32.369870765715,13.7460110782758
54418,"LOURDES",54,"NORTE DE SANTANDER",4520,55.3603612736493,23.5090261827965
54480,"MUTISCUA",54,"NORTE DE SANTANDER",4636,54.9626908352031,23.340153644134
54498,"OCAÑA",54,"NORTE DE SANTANDER",136427,44.1835565811859,18.7627458459268
54518,"PAMPLONA",54,"NORTE DE SANTANDER",52427,43.1698160647986,18.3322563802872
54520,"PAMPLONITA",54,"NORTE DE SANTANDER",6204,48.2803798186541,20.5024802432486
54553,"PUERTO SANTANDER",54,"NORTE DE SANTANDER",9525,31.6453308189242,13.4383319340702
54599,"RAGONVALIA",54,"NORTE DE SANTANDER",6653,45.4481757431857,19.2997720557769
54660,"SALAZAR",54,"NORTE DE SANTANDER",11438,59.4142591193664,25.2305321196212
54670,"SAN CALIXTO",54,"NORTE DE SANTANDER",13579,56.9322828244012,24.1765497329276
54673,"SAN CAYETANO",54,"NORTE DE SANTANDER",8712,37.7418478702956,16.0272452953126
54680,"SANTIAGO",54,"NORTE DE SANTANDER",4040,55.459642473635,23.5511863905016
54720,"SARDINATA",54,"NORTE DE SANTANDER",28494,52.0573888662228,22.1064041077089
54743,"SILOS",54,"NORTE DE SANTANDER",7166,51.409985097629,21.8314811881947
54800,"TEORAMA",54,"NORTE DE SANTANDER",18309,47.4834301276482,20.1640519757809
54810,"TIBU",54,"NORTE DE SANTANDER",67062,38.9593056537259,16.5442442138283
54820,"TOLEDO",54,"NORTE DE SANTANDER",17424,52.7562946745989,22.4031975998468
54871,"VILLA CARO",54,"NORTE DE SANTANDER",5381,55.5035973968053,23.5698520461422
54874,"VILLA DEL ROSARIO",54,"NORTE DE SANTANDER",123460,27.895616713918,11.8459989896219
63001,"ARMENIA",63,"QUINDIO",305676,15.0715391331684,4.93690713215017
63111,"BUENAVISTA",63,"QUINDIO",3199,52.1320284737811,17.0766224279817
63130,"CALARCA",63,"QUINDIO",74545,32.0534079797167,10.4995712160896
63190,"CIRCASIA",63,"QUINDIO",29013,25.2067289392086,8.2568395157658
63212,"CORDOBA",63,"QUINDIO",5866,42.9274084678624,14.0615120431407
63272,"FILANDIA",63,"QUINDIO",12418,29.1683091121116,9.55451410874402
63302,"GENOVA",63,"QUINDIO",7723,47.6391582672403,15.604915870973
63401,"LA TEBAIDA",63,"QUINDIO",33885,31.153676581596,10.2048507952252
63470,"MONTENEGRO",63,"QUINDIO",37530,30.9812295529907,10.1483632024242
63548,"PIJAO",63,"QUINDIO",5361,43.062560436786,14.1057830836368
63594,"QUIMBAYA",63,"QUINDIO",31400,31.7282830017239,10.3930716868437
63690,"SALENTO",63,"QUINDIO",10264,25.1837949334795,8.24932714058948
66001,"PEREIRA",66,"RISARALDA",486042,19.0188041820987,8.13080291253093
66045,"APIA",66,"RISARALDA",12754,52.6417711639125,22.5050882380501
66075,"BALBOA",66,"RISARALDA",6647,43.5707685484856,18.6271086459099
66088,"BELEN DE UMBRIA",66,"RISARALDA",25391,42.9926377361242,18.3799496948021
66170,"DOS QUEBRADAS",66,"RISARALDA",240061,13.1278546493606,5.61234017640141
66318,"GUATICA",66,"RISARALDA",12548,42.3256339577416,18.0947963164921
66383,"LA CELIA",66,"RISARALDA",7749,52.1329272681397,22.2875504060097
66400,"LA VIRGINIA",66,"RISARALDA",28384,23.9595232915489,10.2430289463279
66440,"MARSELLA",66,"RISARALDA",17421,30.3843170387334,12.9897174979239
66456,"MISTRATO",66,"RISARALDA",18387,51.150205425619,21.8674231707288
66572,"PUEBLO RICO",66,"RISARALDA",18266,54.2201115323692,23.1798506648535
66594,"QUINCHIA",66,"RISARALDA",28224,39.0855005510954,16.7095942876209
66682,"SANTA ROSA DE CABAL",66,"RISARALDA",83030,23.2388724609861,9.93494070818445
66687,"SANTUARIO",66,"RISARALDA",13026,47.5522534050945,20.329248715199
68001,"BUCARAMANGA",68,"SANTANDER",615463,12.544693541916,3.48040667092039
68013,"AGUADA",68,"SANTANDER",1891,55.221863384282,15.3207841276571
68020,"ALBANIA",68,"SANTANDER",4223,54.4756894514643,15.1137652216338
68051,"ARATOCA",68,"SANTANDER",8824,37.6698231138255,10.4511364282977
68077,"BARBOSA",68,"SANTANDER",33724,35.021575402544,9.71640512778433
68079,"BARICHARA",68,"SANTANDER",12657,36.6056270328648,10.1558852827064
68081,"BARRANCABERMEJA",68,"SANTANDER",226559,20.8736014364166,5.79118345479661
68092,"BETULIA",68,"SANTANDER",6747,34.58046725436,9.59402384071603
68101,"BOLIVAR",68,"SANTANDER",11558,53.0979374483051,14.7315209486551
68121,"CABRERA",68,"SANTANDER",2117,40.7466282723926,11.3047669425242
68132,"CALIFORNIA",68,"SANTANDER",2465,41.1750391389673,11.4236254888043
68147,"CAPITANEJO",68,"SANTANDER",6215,50.1186212911993,13.9049378365748
68152,"CARCASI",68,"SANTANDER",4852,55.3780874042869,15.3641270056291
68160,"CEPITA",68,"SANTANDER",2167,45.693967949624,12.6773595816677
68162,"CERRITO",68,"SANTANDER",7482,50.4596204525774,13.999544831323
68167,"CHARALA",68,"SANTANDER",13688,38.6357449986643,10.7191223269048
68169,"CHARTA",68,"SANTANDER",3252,40.1356440745084,11.135255150862
68176,"CHIMA",68,"SANTANDER",3243,49.4236629663349,13.7121282169704
68179,"CHIPATA",68,"SANTANDER",5247,54.5238962860842,15.1271397523255
68190,"CIMITARRA",68,"SANTANDER",33782,42.8075208692649,11.8765421172814
68207,"CONCEPCION",68,"SANTANDER",6125,53.4066736929042,14.8171769020403
68209,"CONFINES",68,"SANTANDER",3613,39.6514894268736,11.0009310193274
68211,"CONTRATACION",68,"SANTANDER",4144,50.1586766292105,13.9160508115673
68217,"COROMORO",68,"SANTANDER",5662,44.5720403330552,12.3660913671076
68229,"CURITI",68,"SANTANDER",14441,38.480141698118,10.6759516616806
68235,"EL CARMEN",68,"SANTANDER",24214,52.025223760832,14.4339066736317
68245,"EL GUACAMAYO",68,"SANTANDER",2201,56.6620094719321,15.7203390497291
68250,"EL PEÑON",68,"SANTANDER",5351,63.3458076717528,17.5746956957496
68255,"EL PLAYON",68,"SANTANDER",15124,42.002944246254,11.6533199367923
68264,"ENCINO",68,"SANTANDER",2898,48.7211582514617,13.5172249227745
68266,"ENCISO",68,"SANTANDER",3921,45.9878664481513,12.7588989426278
68271,"FLORIAN",68,"SANTANDER",5703,58.0621594332512,16.1087974245297
68276,"FLORIDABLANCA",68,"SANTANDER",312530,13.2748343046941,3.68297732543601
68296,"GALAN",68,"SANTANDER",3063,42.0057060137456,11.6540861630831
68298,"GAMBITA",68,"SANTANDER",4110,58.4203358880953,16.2081700970179
68307,"GIRON",68,"SANTANDER",175000,21.2226076935524,5.88801194259263
68318,"GUACA",68,"SANTANDER",6668,47.8249564892342,13.2685822133033
68320,"GUADALUPE",68,"SANTANDER",4608,46.6763373388343,12.9499086849273
68322,"GUAPOTA",68,"SANTANDER",2634,43.2560481943489,12.0009817848665
68324,"GUAVATA",68,"SANTANDER",4326,52.5375741708123,14.576053452968
68327,"GUEPSA",68,"SANTANDER",5560,43.6517356239551,12.110761522809
68344,"HATO",68,"SANTANDER",2618,47.5483032804351,13.1918273950036
68368,"JESUS MARIA",68,"SANTANDER",3429,58.2199945051066,16.1525872736125
68370,"JORDAN",68,"SANTANDER",1551,37.021407941352,10.2712397664731
68377,"LA BELLEZA",68,"SANTANDER",6336,58.7521272556241,16.30022247638
68385,"LANDAZURI",68,"SANTANDER",10619,45.777289746532,12.7004764267961
68397,"LA PAZ",68,"SANTANDER",5075,58.3039299152818,16.175874359943
68406,"LEBRIJA",68,"SANTANDER",50221,27.4698630951928,7.62125391475896
68418,"LOS SANTOS",68,"SANTANDER",16737,32.8753955244038,9.12096780283765
68425,"MACARAVITA",68,"SANTANDER",2430,54.0719362942706,15.0017477237964
68432,"MALAGA",68,"SANTANDER",23796,40.2601229523256,11.1697906391381
68444,"MATANZA",68,"SANTANDER",5607,31.5552463487568,8.75470488998294
68464,"MOGOTES",68,"SANTANDER",11185,41.4422440490035,11.4977589659024
68468,"MOLAGAVITA",68,"SANTANDER",4660,59.496832262527,16.5068338427902
68498,"OCAMONTE",68,"SANTANDER",6494,46.4190290851295,12.878520941601
68500,"OIBA",68,"SANTANDER",11595,38.4459144859905,10.6664556451364
68502,"ONZAGA",68,"SANTANDER",4721,55.085481983637,15.282946396906
68522,"PALMAR",68,"SANTANDER",1523,42.8016379355671,11.874909952923
68524,"PALMAS DEL SOCORRO",68,"SANTANDER",2789,39.8270444422062,11.0496370992676
68533,"PARAMO",68,"SANTANDER",5496,36.5039372814895,10.1276724221954
68547,"PIEDECUESTA",68,"SANTANDER",189863,22.5817878435121,6.26510363041238
68549,"PINCHOTE",68,"SANTANDER",6013,36.7046431420714,10.1833563664646
68572,"PUENTE NACIONAL",68,"SANTANDER",15257,40.7946635128853,11.318093866047
68573,"PUERTO PARRA",68,"SANTANDER",8892,35.9303429405877,9.96853409300417
68575,"PUERTO WILCHES",68,"SANTANDER",36099,35.0997824476343,9.73810293335731
68615,"RIONEGRO",68,"SANTANDER",27251,33.0093894622845,9.15814315460729
68655,"SABANA DE TORRES",68,"SANTANDER",37531,25.3416549344697,7.03080267296987
68669,"SAN ANDRES",68,"SANTANDER",8900,49.6986749763722,13.7884277001837
68673,"SAN BENITO",68,"SANTANDER",3015,54.863481435488,15.2213544428145
68679,"SAN GIL",68,"SANTANDER",67893,23.03706019367,6.39141464146103
68682,"SAN JOAQUIN",68,"SANTANDER",2525,53.3951510939645,14.8139800658576
68684,"SAN JOSE DE MIRANDA",68,"SANTANDER",4519,53.1652817024556,14.7502049755395
68686,"SAN MIGUEL",68,"SANTANDER",2665,53.0411283749356,14.7157598081169
68689,"SAN VICENTE DE CHUCURI",68,"SANTANDER",35766,38.7284203625384,10.7448342307931
68705,"SANTA BARBARA",68,"SANTANDER",2624,40.8271534393825,11.327107889111
68720,"SANTA HELENA DEL OPON",68,"SANTANDER",3472,58.6647877212648,16.2759909479649
68745,"SIMACOTA",68,"SANTANDER",11483,46.7441060138925,12.9687104633816
68755,"SOCORRO",68,"SANTANDER",36336,29.1227769162366,8.07983923372235
68770,"SUAITA",68,"SANTANDER",10286,47.3405925013768,13.1342000023024
68773,"SUCRE",68,"SANTANDER",7377,61.3827653168997,17.0300681459173
68780,"SURATA",68,"SANTANDER",4451,47.7981899112432,13.2611560791944
68820,"TONA",68,"SANTANDER",8362,36.3283596652452,10.0789600718459
68855,"VALLE DE SAN JOSE",68,"SANTANDER",7004,37.9674798718474,10.5337184828375
68861,"VELEZ",68,"SANTANDER",26750,45.2552785483098,12.5556493530603
68867,"VETAS",68,"SANTANDER",2162,45.7506719774663,12.6930915783172
68872,"VILLANUEVA",68,"SANTANDER",8989,34.9010433295113,9.68296464319687
68895,"ZAPATOCA",68,"SANTANDER",10231,34.0484828777799,9.44642980289532
70001,"SINCELEJO",70,"SUCRE",319888,34.1481450642703,16.9363204250423
70110,"BUENAVISTA",70,"SUCRE",11927,59.0545563533873,29.2890547078697
70124,"CAIMITO",70,"SUCRE",17498,49.5757436379909,24.5878854614941
70204,"COLOSO",70,"SUCRE",10048,44.3508407634589,21.9965110513688
70215,"COROZAL",70,"SUCRE",76816,40.4443986550337,20.0590484118712
70221,"COVEÑAS",70,"SUCRE",21748,40.7583389091662,20.2147521178353
70230,"CHALAN",70,"SUCRE",4847,49.9670077468774,24.7819391738246
70233,"EL ROBLE",70,"SUCRE",10586,44.5837508012153,22.1120265214544
70235,"GALERAS",70,"SUCRE",25175,50.5685701234055,25.0802936860639
70265,"GUARANDA",70,"SUCRE",19509,53.3933729560402,26.4812999726727
70400,"LA UNION",70,"SUCRE",13950,45.7211229709445,22.6761244972831
70418,"LOS PALMITOS",70,"SUCRE",25570,47.2506457552539,23.4347158621643
70429,"MAJAGUAL",70,"SUCRE",40125,49.7684028557385,24.6834378916033
70473,"MORROA",70,"SUCRE",17030,43.0517664126711,21.3522142844584
70508,"OVEJAS",70,"SUCRE",24462,48.789220797881,24.1977968397946
70523,"PALMITO",70,"SUCRE",16081,44.0148765760386,21.8298842223337
70670,"SAMPUES",70,"SUCRE",53083,42.2197554324532,20.9395650898506
70678,"SAN BENITO ABAD",70,"SUCRE",31892,56.0518565621433,27.7998175704204
70702,"SAN JUAN DE BETULIA",70,"SUCRE",14694,45.7174580349776,22.6743068134893
70708,"SAN MARCOS",70,"SUCRE",64076,50.6612996297239,25.1262843724954
70713,"SAN ONOFRE",70,"SUCRE",52983,59.1171435395922,29.3200958270307
70717,"SAN PEDRO",70,"SUCRE",20760,48.3950952317202,24.0023239418191
70742,"SINCE",70,"SUCRE",32683,51.0686051967412,25.3282941033585
70771,"SUCRE",70,"SUCRE",33442,55.4159609905691,27.4844349592485
70820,"TOLU",70,"SUCRE",37512,47.4303622148415,23.5238491237076
70823,"TOLUVIEJO",70,"SUCRE",23190,42.6658827400829,21.160829085835
73001,"IBAGUE",73,"TOLIMA",552035,20.4798708691408,8.4206448060766
73024,"ALPUJARRA",73,"TOLIMA",4807,50.9528560620686,20.9501273467661
73026,"ALVARADO",73,"TOLIMA",8855,34.4861552776575,14.1795652021384
73030,"AMBALEMA",73,"TOLIMA",6761,50.9195766024791,20.9364439348769
73043,"ANZOATEGUI",73,"TOLIMA",10590,37.1791021444805,15.2868157894125
73055,"GUAYABAL",73,"TOLIMA",12831,37.9369557428851,15.5984200962926
73067,"ATACO",73,"TOLIMA",20279,46.1725353678911,18.9846177553233
73124,"CAJAMARCA",73,"TOLIMA",19013,41.3359669272113,16.9959809529003
73148,"CARMEN DE APICALA",73,"TOLIMA",10895,27.2209490666623,11.1923529615635
73152,"CASABIANCA",73,"TOLIMA",6590,46.6408709498934,19.1771818398963
73168,"CHAPARRAL",73,"TOLIMA",52842,45.725197197789,18.8006871112924
73200,"COELLO",73,"TOLIMA",8536,34.3409001399789,14.1198410989708
73217,"COYAIMA",73,"TOLIMA",23625,46.339205476069,19.0531469853035
73226,"CUNDAY",73,"TOLIMA",9022,36.4735968848149,14.996735386151
73236,"DOLORES",73,"TOLIMA",8594,45.626140645065,18.7599583366076
73268,"ESPINAL",73,"TOLIMA",71777,22.9835080391296,9.45005751411925
73270,"FALAN",73,"TOLIMA",7948,41.9809166830874,17.2611629380163
73275,"FLANDES",73,"TOLIMA",29056,24.3426780558569,10.0089032224277
73283,"FRESNO",73,"TOLIMA",31821,39.5733512907249,16.2712517639652
73319,"GUAMO",73,"TOLIMA",33796,33.3965968692246,13.7315748602309
73347,"HERVEO",73,"TOLIMA",7598,43.4475138565009,17.8641791362053
73349,"HONDA",73,"TOLIMA",24953,38.3280486556336,15.7592245527988
73352,"ICONONZO",73,"TOLIMA",12415,34.1970641834823,14.0607005161156
73408,"LERIDA",73,"TOLIMA",18514,34.0463921511528,13.9987491652226
73411,"LIBANO",73,"TOLIMA",37508,36.4522605673051,14.9879625988435
73443,"MARIQUITA",73,"TOLIMA",40114,33.3426392463241,13.709389272249
73449,"MELGAR",73,"TOLIMA",39096,18.7677581980277,7.71668076433302
73461,"MURILLO",73,"TOLIMA",4251,52.2871326219096,21.4987376898335
73483,"NATAGAIMA",73,"TOLIMA",15717,42.2595734007076,17.3757373538855
73504,"ORTEGA",73,"TOLIMA",36303,50.5264170376764,20.7747897394735
73520,"PALOCABILDO",73,"TOLIMA",10120,47.4899584896355,19.5262985226683
73547,"PIEDRAS",73,"TOLIMA",7393,37.848312384988,15.5619728825362
73555,"PLANADAS",73,"TOLIMA",27075,40.9723755205009,16.846484205093
73563,"PRADO",73,"TOLIMA",8623,40.7187021614626,16.7421821190655
73585,"PURIFICACION",73,"TOLIMA",24074,33.0922106000109,13.6064213046605
73616,"RIOBLANCO",73,"TOLIMA",23853,41.6566175950068,17.1278218906479
73622,"RONCESVALLES",73,"TOLIMA",5609,54.1437378761913,22.2621122975786
73624,"ROVIRA",73,"TOLIMA",22305,41.6179032943053,17.1119038520428
73671,"SALDAÑA",73,"TOLIMA",14768,37.7811004535482,15.5343375617375
73675,"SAN ANTONIO",73,"TOLIMA",13284,47.5895746495529,19.5672573893023
73678,"SAN LUIS",73,"TOLIMA",13979,36.676073314146,15.0799869898303
73686,"SANTA ISABEL",73,"TOLIMA",5933,36.4868684308481,15.0021922064546
73770,"SUAREZ",73,"TOLIMA",3916,31.5346786664761,12.9660157439897
73854,"VALLE DE SAN JUAN",73,"TOLIMA",5503,49.5833493290233,20.3870315229599
73861,"VENADILLO",73,"TOLIMA",13031,35.2547113831179,14.4955700255563
73870,"VILLA HERMOSA",73,"TOLIMA",9556,57.7167888601015,23.7312325572599
73873,"VILLARRICA",73,"TOLIMA",5280,42.0277808524755,17.2804319327805
76001,"SANTIAGO DE CALI",76,"VALLE",2280171,19.1303401349212,4.75537330814231
76020,"ALCALA",76,"VALLE",14381,40.154356356912,9.98147200094622
76036,"ANDALUCIA",76,"VALLE",24590,39.2390921990118,9.75395786812467
76041,"ANSERMANUEVO",76,"VALLE",17894,53.6005421611155,13.323892084367
76054,"ARGELIA",76,"VALLE",5543,54.7966189235902,13.6212099297711
76100,"BOLIVAR",76,"VALLE",16071,55.7221038406106,13.851264713975
76109,"BUENAVENTURA",76,"VALLE",328686,44.8345386166666,11.1448602961
76111,"BUGA",76,"VALLE",132138,26.4210138649412,6.56767120821069
76113,"BUGALAGRANDE",76,"VALLE",25391,39.0946058908561,9.71804181392231
76122,"CAICEDONIA",76,"VALLE",30115,44.2378459213443,10.9965358807218
76126,"CALIMA",76,"VALLE",19194,42.1004660134144,10.4652311944567
76130,"CANDELARIA",76,"VALLE",110619,12.2801172521619,3.05256160580173
76147,"CARTAGO",76,"VALLE",142792,31.2138868973903,7.75907190088413
76233,"DAGUA",76,"VALLE",57738,39.4653058644003,9.8101895095246
76243,"EL AGUILA",76,"VALLE",9210,59.0608676398602,14.6812064787929
76246,"EL CAIRO",76,"VALLE",7034,63.9283779370636,15.8911603207623
76248,"EL CERRITO",76,"VALLE",56819,24.0839119672658,5.98672011668635
76250,"EL DOVIO",76,"VALLE",9256,49.9866166921205,12.4255513025686
76275,"FLORIDA",76,"VALLE",57543,23.0026972741637,5.71795440443623
76306,"GINEBRA",76,"VALLE",24240,25.482309118162,6.33433027095722
76318,"GUACARI",76,"VALLE",34561,24.5536900402643,6.10349640468395
76364,"JAMUNDI",76,"VALLE",189878,23.1924930407139,5.76513337333515
76377,"LA CUMBRE",76,"VALLE",18290,33.5307773418823,8.33499887865464
76400,"LA UNION",76,"VALLE",34777,43.5190553725636,10.8178606786235
76403,"LA VICTORIA",76,"VALLE",12681,39.1447247117296,9.73050022821795
76497,"OBANDO",76,"VALLE",12572,46.0665496076827,11.4511105844219
76520,"PALMIRA",76,"VALLE",378446,16.2475102437973,4.03876648257205
76563,"PRADERA",76,"VALLE",49776,22.6429318922313,5.62852480295665
76606,"RESTREPO",76,"VALLE",15926,31.7751056096355,7.89857828003987
76616,"RIOFRIO",76,"VALLE",16128,44.5757478737861,11.0805307242049
76622,"ROLDANILLO",76,"VALLE",38443,41.471885624499,10.3089802139519
76670,"SAN PEDRO",76,"VALLE",17270,30.7889707084214,7.65344727063871
76736,"SEVILLA",76,"VALLE",43923,45.693870361493,11.3584708860512
76823,"TORO",76,"VALLE",14973,54.0231695681949,13.4289477747907
76828,"TRUJILLO",76,"VALLE",19948,51.7048815157163,12.8526733830345
76834,"TULUA",76,"VALLE",224250,34.358168318229,8.54066971025343
76845,"ULLOA",76,"VALLE",5636,35.3869857802249,8.79641064654735
76863,"VERSALLES",76,"VALLE",7457,56.9816865173236,14.1643687047036
76869,"VIJES",76,"VALLE",13893,30.0362956071455,7.46634912909667
76890,"YOTOCO",76,"VALLE",16743,32.9710432595508,8.19586154518309
76892,"YUMBO",76,"VALLE",114676,14.4304069618789,3.58707537911911
76895,"ZARZAL",76,"VALLE",43760,37.4542285778873,9.31028082094683
81001,"ARAUCA",81,"ARAUCA",90619,47.4342655820183,16.2136019148871
81065,"ARAUQUITA",81,"ARAUCA",53319,55.7075950287805,19.0415253266784
81220,"CRAVO NORTE",81,"ARAUCA",4135,59.6199115120246,20.3788021084742
81300,"FORTUL",81,"ARAUCA",20073,53.5866931663036,18.3165755867212
81591,"PUERTO RONDON",81,"ARAUCA",4673,58.0482480993712,19.8415886699549
81736,"SARAVENA",81,"ARAUCA",58996,57.2290320922103,19.5615707955463
81794,"TAME",81,"ARAUCA",46068,46.6948208874342,15.9608508335969
85001,"YOPAL",85,"CASANARE",192468,31.9652367829686,9.45416985559901
85010,"AGUAZUL",85,"CASANARE",39218,30.7412661879536,9.0921632800777
85015,"CHAMEZA",85,"CASANARE",2691,55.382326595729,16.3801046176907
85125,"HATO COROZAL",85,"CASANARE",13104,54.2453593384881,16.0438305070626
85136,"LA SALINA",85,"CASANARE",1518,61.9850846491969,18.3329634867409
85139,"MANI",85,"CASANARE",19474,36.6941672989387,10.8528177879405
85162,"MONTERREY",85,"CASANARE",18836,40.5149283998832,11.982861800167
85225,"NUNCHIA",85,"CASANARE",9365,52.2697590597912,15.4595188459795
85230,"OROCUE",85,"CASANARE",14229,52.4778909141014,15.5210767789418
85250,"PAZ DE ARIPORO",85,"CASANARE",38468,51.9856508105711,15.3754898220827
85263,"PORE",85,"CASANARE",13407,54.0332516989348,15.9810966795104
85279,"RECETOR",85,"CASANARE",1728,54.9296032575739,16.2462053018317
85300,"SABANALARGA",85,"CASANARE",3836,45.4744650460441,13.449714749708
85315,"SACAMA",85,"CASANARE",2125,63.2627921093241,18.7108634984263
85325,"SAN LUIS DE PALENQUE",85,"CASANARE",8976,52.7719246131289,15.608041394682
85400,"TAMARA",85,"CASANARE",7293,60.5638711016134,17.912619524606
85410,"TAURAMENA",85,"CASANARE",25904,35.5235328986375,10.5065861446589
85430,"TRINIDAD",85,"CASANARE",14036,54.6665401938192,16.1684006885151
85440,"VILLANUEVA",85,"CASANARE",40889,27.0777416779473,8.00862420846339
86001,"MOCOA",86,"PUTUMAYO",65766,53.820570626133,10.2757783341881
86219,"COLON",86,"PUTUMAYO",5762,74.1277824169238,14.1529651517922
86320,"ORITO",86,"PUTUMAYO",38938,55.1118166389938,10.5223115397765
86568,"PUERTO ASIS",86,"PUTUMAYO",71540,60.9122624560287,11.6297709138022
86569,"PUERTO CAICEDO",86,"PUTUMAYO",17329,62.0905463589516,11.8547366482847
86571,"PUERTO GUZMAN",86,"PUTUMAYO",41134,73.9343327312012,14.1160304618367
86573,"PUERTO  LEGUIZAMO",86,"PUTUMAYO",36170,76.4909509384266,14.6041568729276
86749,"SIBUNDOY",86,"PUTUMAYO",16037,64.7649986070446,12.3653607116689
86755,"SAN FRANCISCO",86,"PUTUMAYO",5670,71.9635227721809,13.739750425373
86757,"SAN MIGUEL",86,"PUTUMAYO",19566,63.1273213762894,12.0526845729656
86760,"SANTIAGO",86,"PUTUMAYO",7308,69.9203745526471,13.3496590910825
86865,"VALLE DEL GUAMUEZ",86,"PUTUMAYO",34604,56.2193812368753,10.7337750780895
86885,"VILLAGARZON",86,"PUTUMAYO",25576,51.8783049251918,9.90494815574924
88001,"SAN ANDRES",88,"SAN ANDRES",56965,23.2861403037089,5.98122442153579
88564,"PROVIDENCIA",88,"SAN ANDRES",6285,24.021764466669,6.17017515150574
91001,"LETICIA",91,"AMAZONAS",53059,67.3093094041245,14.557461916644
91263,"EL ENCANTO",91,"AMAZONAS",2211,79.7938339655043,17.2575786235101
91405,"LA CHORRERA",91,"AMAZONAS",3127,78.6077859928599,17.0010636132398
91407,"LA PEDRERA",91,"AMAZONAS",4073,83.4873418282029,18.0563997750872
91430,"LA VICTORIA",91,"AMAZONAS",681,81.1194157590443,17.5442716032434
91460,"MIRITIÑPARANA",91,"AMAZONAS",2043,80.9631682995645,17.5104788565775
91530,"PUERTO ALEGRIA",91,"AMAZONAS",793,78.2559616804673,16.9249720729411
91536,"PUERTO ARICA",91,"AMAZONAS",1067,77.9512210757266,16.8590636601637
91540,"PUERTO NARI¥O",91,"AMAZONAS",11184,79.3056037444646,17.1519856095235
91669,"PTO SANTANDER",91,"AMAZONAS",1853,78.3133187007249,16.9373770826707
91798,"TARAPACA",91,"AMAZONAS",4018,83.4164759941575,18.0410731183522
94001,"INIRIDA",94,"GUAINIA",38710,72.0716916364515,47.7442380854038
94343,"BARRANCO MINAS",94,"GUAINIA",11359,74.8849714969996,49.6079088334197
94883,"SAN FELIPE",94,"GUAINIA",1926,81.3130467267616,53.8662181256276
94884,"PUERTO COLOMBIA",94,"GUAINIA",1971,80.6944350127029,53.4564158261698
94885,"LA GUADALUPE",94,"GUAINIA",319,81.5941893003579,54.052462373056
94886,"CACAHUAL",94,"GUAINIA",902,73.8248498246142,48.9056261427181
94887,"PANA PANA",94,"GUAINIA",2001,86.7952422468887,57.4979248637459
94888,"MORICHAL NUEVO",94,"GUAINIA",1052,81.1683437968033,53.7703589750691
95001,"SAN JOSE DEL GUAVIARE",95,"GUAVIARE",54315,58.1930290650204,19.8225163424623
95015,"CALAMAR",95,"GUAVIARE",9862,65.8192908949065,22.4202793766893
95025,"EL RETORNO",95,"GUAVIARE",13324,69.7580698751571,23.7619608797802
95200,"MIRAFLORES",95,"GUAVIARE",7049,77.6892587983549,26.4635924080098
97001,"MITU",97,"VAUPES",31810,69.3301068227622,36.2778380286091
97161,"CARURU",97,"VAUPES",3025,72.297002962744,37.8303032208108
97511,"PACOA",97,"VAUPES",4255,80.6808571409057,42.2172588721033
97666,"TARAIRA",97,"VAUPES",2831,80.4220362504115,42.0818276319961
97777,"PAPUNAHUA",97,"VAUPES",768,78.119294854098,40.8768896443655
97889,"YAVARATE",97,"VAUPES",1086,67.9065250391631,35.5329312091531
99001,"PUERTO CARRENO",99,"VICHADA",23959,47.7030927473719,48.8841255315196
99524,"LA PRIMAVERA",99,"VICHADA",10603,62.9515212179898,64.5100744707978
99624,"SANTA ROSALIA",99,"VICHADA",4170,63.7085367029162,65.2858321389729
99773,"CUMARIBO",99,"VICHADA",104385,74.0338745202838,75.8668045864534
