ADM2_CODE,ADM2_NAME,periodo,mean
13341,Abejorral,2018,0.29849337080693866
13342,Abriaqui,2018,0.18810970996770549
13343,Alejandria,2018,0.26873633968718624
13344,Amaga,2018,0.9855561006388041
13345,Amalfi,2018,0.2071667102735545
13346,Andes,2018,0.28224650480589536
13347,Angelopolis,2018,0.5109664698990718
13348,Angostura,2018,0.2940393424459776
13349,Anori,2018,0.19696971626870713
13350,Antioquia,2018,0.3047305344639527
13351,Anza,2018,0.18517944338142334
13352,Apartado,2018,0.7394874881033201
13353,Arboletes,2018,0.27471441650629824
13354,Argelia,2018,0.20034081928463363
13355,Armenia,2018,0.2850426528419648
13356,Barbosa,2018,1.7153555741265794
13357,Bello,2018,7.107779639018944
13358,Belmira,2018,0.23596263083016863
13359,Betania,2018,0.23205237966470058
13360,Betulia,2018,0.20526945060349167
13361,Bolivar,2018,0.3303136517698052
13362,Briceno,2018,0.30397584527698723
13363,Buritica,2018,0.19381033027883338
13364,Caceres,2018,0.1969823719059851
13365,Caicedo,2018,0.20305783517976572
13366,Caldas,2018,1.379377630550201
13367,Campamento,2018,0.25119914004056487
13368,Canasgordas,2018,0.19444653340552023
13369,Caracoli,2018,0.21835868345567144
13370,Caramanta,2018,0.3361710522863619
13371,Carepa,2018,0.7113763996446981
13372,Carmen De Viboral,2018,0.8157438377620986
13373,Carolina,2018,0.2442319933153348
13374,Caucasia,2018,0.3284599293558295
13375,Chigorodo,2018,0.3757122830912393
13376,Cisneros,2018,0.843733928059887
13377,Cocorna,2018,0.33620103391946704
13378,Concepcion,2018,0.3066667383562598
13379,Concordia,2018,0.26557759870926084
13380,Copacabana,2018,6.6829709836436635
13381,Dabeiba,2018,0.17804610965931367
13382,Don Matias,2018,0.5913452213167809
13383,Ebejico,2018,0.2694904325207896
13384,El Bagre,2018,0.23828979638986195
13385,Entrerrios,2018,0.2607292372409464
13386,Envigado,2018,17.30819016168747
13387,Fredonia,2018,0.4004525559504237
13388,Frontino,2018,0.1908373710452368
13389,Giraldo,2018,0.2932081792151197
13390,Girardota,2018,3.987304195533112
13391,Gomez Plata,2018,0.2745989055971364
13392,Granada,2018,0.3594847386666347
13393,Guadalupe,2018,0.2543845002287552
13394,Guarne,2018,2.8295900197865067
13395,Guatape,2018,0.817599806663506
13396,Heliconia,2018,0.41050257697017356
13397,Hispania,2018,0.2267509818052387
13398,Itagui,2018,21.14934431229915
13399,Ituango,2018,0.22088149703113866
13400,Jardin,2018,0.33237815453108605
13401,Jerico,2018,0.5137055145529468
13402,La Ceja,2018,3.286766651901672
13403,La Estrella,2018,2.3986867396292375
13404,La Union,2018,0.8043331516050263
13405,Liborina,2018,0.23669905772315605
13406,Maceo,2018,0.27354119941420535
13407,Marinilla,2018,4.278830676373651
13408,Medellin,2018,13.795778376784648
13409,Montebello,2018,0.5761441071600316
13410,Murindo,2018,0.1977674643695829
13411,Mutata,2018,0.19548652975678943
13412,Narino,2018,0.2155161773123874
13413,Nechi,2018,0.18830732505223388
13414,Necocli,2018,0.2468147316690937
13415,Necocli (is.),2018,0.1889805471476286
13416,Olaya,2018,0.4067919301367219
13417,Penol,2018,0.7331982326290528
13418,Peque,2018,0.17767126845484138
13419,Pto Nare (la Magd.),2018,0.22906492214365887
13420,Pueblorrico,2018,0.40809874522931266
13421,Puerto Berrio,2018,0.2096723942375554
13422,Puerto Triunfo,2018,0.525975227018736
13423,Remedios,2018,0.20734964271540365
13424,Retiro,2018,2.114477009972572
13425,Rionegro,2018,5.671049331396206
13426,Sabanalarga,2018,0.17525286718616004
13427,Sabaneta,2018,12.301159127073126
13428,Salgar,2018,0.22043707653615768
13429,San Andres,2018,0.1957956018630153
13430,San Carlos,2018,0.23676003729241069
13431,San Francisco,2018,0.18044071431182088
13432,San Jeronimo,2018,0.7728201507164546
13433,San Jose De La Montana,2018,0.22250867332167992
13434,San Juan De Uraba,2018,0.316242292126272
13435,San Luis,2018,0.2150274757767768
13436,San Pedro,2018,0.633017993045616
13437,San Pedro De Uraba,2018,0.27952993096582684
13438,San Rafael,2018,0.3122020249023946
13439,San Roque,2018,0.25972807225611777
13440,San Vicente,2018,0.553932548213259
13441,Santa Barbara,2018,0.5263458556464795
13442,Santa Rosa De Osos,2018,0.3449053929849736
13443,Santo Domingo,2018,0.3506034764125161
13444,Santuario,2018,2.2880418372999154
13445,Segovia,2018,0.2405127793300011
13446,Sonson,2018,0.26169321587564515
13447,Sopetran,2018,0.5115537374577319
13448,Tamesis,2018,0.349051480299478
13449,Taraza,2018,0.19439504624085419
13450,Tarso,2018,0.32635008822165695
13451,Titiribi,2018,0.29211969401154947
13452,Toledo,2018,0.18287456367905977
13453,Turbo,2018,0.27063933425159287
13454,Turbo (is.),2018,0.17530319477428283
13455,Uramita,2018,0.15790545807737116
13456,Urrao,2018,0.19568429515183677
13457,Valdivia,2018,0.20176700831196717
13458,Valparaiso,2018,0.33083436788006826
13459,Vegachi,2018,0.25190846791762167
13460,Venecia,2018,0.45506594680256474
13461,Vigia Del Fuerte,2018,0.19784500708934788
13462,Yali,2018,0.21519145509836934
13463,Yarumal,2018,0.2909124961292478
13464,Yolombo,2018,0.24749751701400918
13465,Yondo,2018,0.2851846013269718
13466,Zaragoza,2018,0.2667989901223191
13467,Arauca,2018,0.2888449175735546
13468,Arauquita,2018,0.3122595878256794
13469,Cravo Norte,2018,0.2334633496440123
13470,Fortul,2018,0.22382571233277643
13471,Puerto Rondon,2018,0.31075830825523415
13472,Saravena,2018,0.4605984846212431
13473,Tame,2018,0.2894487855496069
13474,Baranoa,2018,2.622327432505244
13475,Barranquilla  (dist.port.,2018,6.202874346682409
13476,Campo De La Cruz,2018,1.278016348532292
13477,Candelaria,2018,0.6564129647693103
13478,Galapa,2018,5.512794853993438
13479,Juan De Acosta,2018,0.7601746189181602
13480,Luruaco,2018,0.669871314429478
13481,Malambo,2018,5.96960558964456
13482,Manati,2018,0.8373344781392135
13483,Palmar De Varela,2018,0.9102775616933053
13484,Piojo,2018,0.34443467072495904
13485,Polo Nuevo,2018,1.4788711868933127
13486,Ponedera,2018,0.7404470508855111
13487,Puerto Colombia,2018,6.823987791822377
13488,Repelon,2018,0.6155032650566353
13489,Sabanagrande,2018,5.920604692097933
13490,Sabanalarga,2018,1.4360068918297073
13491,Santa Lucia,2018,0.927812230075175
13492,Santo Tomas,2018,2.9922917468362513
13493,Soledad,2018,36.962868678352876
13494,Suan,2018,0.6195680059957976
13495,Tubara,2018,1.2688747489118883
13496,Usiacuri,2018,0.8456090856312168
13497,Achi,2018,0.21317954551156523
13498,Altos Del Rosario,2018,0.21899004955254292
13499,Arjona,2018,0.675570973871084
13500,Barranco De Loba,2018,0.20603376833752068
13501,Calamar,2018,0.34494542526156613
13502,Cantagallo,2018,0.16193587197750867
13503,Cartagena (dist. Esp.),2018,11.261960567933569
13504,Cartagena (dist. Esp.) (i,2018,2.4761117539903887
13505,Cicuco,2018,0.9916892796513871
13506,Cordoba,2018,0.2911195031543078
13507,El Carmen De Bolivar,2018,0.4433942331879138
13508,El Guamo,2018,0.25623572161950964
13509,Hatillo De Loba,2018,0.43519392236497734
13510,Magangue,2018,0.5001262632739247
13511,Mahates,2018,0.47329415759020377
13512,Margarita,2018,0.2500444272157691
13513,Maria La Baja,2018,0.49852615066488726
13514,Mompos,2018,0.2605735314465681
13515,Montecristo,2018,0.17498968516751118
13516,Morales,2018,0.19389180818854795
13517,Pinillos,2018,0.20286843753556297
13518,Rio Viejo,2018,0.2156004890827321
13519,San Estanislao,2018,0.729184625190846
13520,San Fernando,2018,0.24010081993290922
13521,San Jacinto,2018,0.4592408626252018
13522,San Juan Nepomuceno,2018,0.42094845458689667
13523,San Martin De Loba,2018,0.30784264623688073
13524,San Pablo,2018,0.18273987221278665
13525,Santa Catalina,2018,0.8059080767593436
13526,Santa Rosa,2018,1.148411726254867
13527,Santa Rosa Del Sur,2018,0.17646343784737556
13528,Simiti,2018,0.2128434060130715
13529,Soplaviento,2018,0.620816621865784
13530,Talaigua Nuevo,2018,0.35936907187723255
13531,Tiquisio,2018,0.21424643012881744
13532,Turbaco,2018,2.947723462193378
13533,Turbana,2018,0.9617692880646648
13534,Villanueva,2018,0.7373837954640355
13535,Zambrano,2018,0.2312931075846921
13536,Almeida,2018,0.24858965318590903
13537,Aquitania,2018,0.2653617371509739
13538,Arcabuco,2018,0.253946802276443
13539,Belen,2018,0.3947798745301449
13540,Berbeo,2018,0.8409044522703318
13541,Beteitiva,2018,0.3168708617135086
13542,Boavita,2018,0.236022333289692
13543,Boyaca,2018,0.43099778536447325
13544,Brice¥o,2018,0.3166650521157174
13545,Buenavista,2018,0.24443996558239778
13546,Busbanza,2018,0.6936840117962895
13547,Caldas,2018,0.2938380379305888
13548,Campohermoso,2018,0.21976680744609864
13549,Cerinza,2018,0.2573520306414558
13550,Chinavita,2018,0.33699091727279523
13551,Chiquinquira,2018,2.628822245341565
13552,Chiquiza,2018,0.7017214320781044
13553,Chiscas,2018,0.18973156765096252
13554,Chita,2018,0.21886601598650857
13555,Chitaraque,2018,0.2520621278341788
13556,Chivata,2018,0.8222782046070757
13557,Chivor,2018,0.24149071631527488
13558,Cienega,2018,0.33017123476358795
13559,Combita,2018,1.2187857918742115
13560,Coper,2018,0.22276091790612043
13561,Corrales,2018,4.508799016470677
13562,Covarachia,2018,0.19568305818450954
13563,Cubara,2018,0.19192048628472333
13564,Cucaita,2018,1.340102417044801
13565,Cuitiva,2018,0.4028075370631865
13566,Duitama,2018,2.138543854257388
13567,El Cocuy,2018,0.1897181770235432
13568,El Espino,2018,0.40455756658406944
13569,Firavitoba,2018,0.4368585090496287
13570,Floresta,2018,1.326232717687553
13571,Gachantiva,2018,0.30715114339324695
13572,Gameza,2018,0.5033383151118749
13573,Garagoa,2018,0.45273309376515375
13574,Guacamayas,2018,0.25221943448552947
13575,Guateque,2018,0.46100350540478763
13576,Guayata,2018,0.248755078267278
13577,Guican,2018,0.1862365069955683
13578,Iza,2018,0.5657243167715619
13579,Jenesano,2018,0.4650275066133234
13580,Jerico,2018,0.2281554238029191
13581,La Capilla,2018,0.3139036113207999
13582,La Uvita,2018,0.2536809416852653
13583,La Victoria,2018,0.20479168002825138
13584,Labranzagrande,2018,0.2363503871663517
13585,Macanal,2018,0.3254316759755728
13586,Maripi,2018,0.2922379316106058
13587,Miraflores,2018,0.25801772615186164
13588,Mongua,2018,0.2557161990576909
13589,Mongui,2018,0.420178097699602
13590,Moniquira,2018,0.6601592086857153
13591,Motavita,2018,0.47685219185557426
13592,Muzo,2018,0.2905731425338244
13593,Nobsa,2018,5.347777252774431
13594,Nuevo Colon,2018,0.6225490563327085
13595,Oicata,2018,4.797132352998926
13596,Otanche,2018,0.20428559822099807
13597,Pachavita,2018,0.40551964112745503
13598,Paez,2018,0.3262009295243348
13599,Paipa,2018,0.7999159309505632
13600,Pajarito,2018,0.25879580474561614
13601,Panqueba,2018,0.43942662770847846
13602,Pauna,2018,0.2423749180423912
13603,Paya,2018,0.2650491184745167
13604,Paz De Rio,2018,0.35114865049459215
13605,Pesca,2018,0.28986293217774406
13606,Pisva,2018,0.22755764546330784
13607,Puerto Boyaca,2018,0.6023386219068311
13608,Quipama,2018,0.2267600375763784
13609,Ramiriqui,2018,0.3529444212249714
13610,Raquira,2018,0.3614871551181755
13611,Rondon,2018,0.26407842429337286
13612,Saboya,2018,0.4497997539952794
13613,Sachica,2018,0.2787509670455436
13614,Samaca,2018,0.9392419097062534
13615,San Eduardo,2018,0.3274348136900265
13616,San Jose De Pare,2018,0.61477578121068
13617,San Luis De Gaceno,2018,0.2631421983492318
13618,San Mateo,2018,0.2821122097201827
13619,San Miguel De Sema,2018,0.36989231488943713
13620,San Pablo De Borbur,2018,0.26853295162350443
13621,Santa Rosa De Viterbo,2018,1.5317195369886187
13622,Santa Sofia,2018,0.293016884919023
13623,Santamaria,2018,0.26689082717440676
13624,Santana,2018,0.4741072791402253
13625,Sativanorte,2018,0.26369397526142946
13626,Sativasur,2018,0.2363166876769126
13627,Siachoque,2018,0.3979577881934748
13628,Soata,2018,0.2698063793134827
13629,Socha,2018,0.3045983765108106
13630,Socota,2018,0.23419171579006606
13631,Sogamoso,2018,2.1778111922061285
13632,Somondoco,2018,0.26858108411544734
13633,Sora,2018,0.3550118322072737
13634,Soraca,2018,0.7946734405286231
13635,Sotaquira,2018,0.5229030383692076
13636,Susacon,2018,0.20361177142877313
13637,Sutamarchan,2018,0.5445767970743851
13638,Sutatenza,2018,1.124725638199725
13639,Tasco,2018,0.3151567984890351
13640,Tenza,2018,0.5325143162726755
13641,Tibabosa,2018,0.8170368823796654
13642,Tibana,2018,0.34253008556150066
13643,Tinjaca,2018,0.355555964318703
13644,Tipacoque,2018,0.19631507907924084
13645,Toca,2018,0.45452383905099514
13646,Togui,2018,0.29921119976900085
13647,Topaga,2018,1.3283834573439723
13648,Tota,2018,0.23368038139399228
13649,Tunja,2018,3.877939253277432
13650,Tunungua,2018,0.22761896466497636
13651,Turmeque,2018,0.3086992230289152
13652,Tuta,2018,0.7278388573933838
13653,Tutasa,2018,0.23918203704466814
13654,Umbita,2018,0.2983650534883986
13655,Ventaquemada,2018,0.4909132369690688
13656,Villa De Leyva,2018,1.3563582897678932
13657,Viracacha,2018,0.9676062599908949
13658,Zetaquira,2018,0.2645280158026843
13660,Aguadas,2018,0.33197773075473397
13661,Anserma,2018,0.6416858889424913
13662,Aranzazu,2018,0.36460824976674944
13663,Belalcazar,2018,0.5097043882821484
13664,Chinchina,2018,0.752687378450547
13665,Filadelfia,2018,0.33219710463265595
13666,La Dorada,2018,0.27262979516758856
13667,La Merced,2018,0.32061589187515477
13668,Manizales,2018,4.074763170825898
13669,Manzanares,2018,0.42881665112757955
13670,Marmato,2018,0.44374751393831874
13671,Marquetalia,2018,0.37628585932780995
13672,Marulanda,2018,0.18624387851679328
13673,Neira,2018,0.4301206679612236
13674,Pacora,2018,0.3614780747611846
13675,Palestina,2018,0.5864465053383582
13676,Pensilvania,2018,0.23611599524172805
13677,Riosucio,2018,0.27224438520825783
13678,Risaralda,2018,0.5841127780231671
13679,Salamina,2018,0.33755641385604906
13680,Samana,2018,0.21999311515130274
13681,Supia,2018,1.6331771750856043
13682,Victoria,2018,0.26473200188180956
13683,Villamaria,2018,0.5077117771103105
13684,Viterbo,2018,0.5401895315903029
13685,Albania,2018,0.27051019215003297
13686,Belen De Los Andaquies,2018,0.26240064120842327
13687,Cartagena Del Chaira,2018,0.23053582471757655
13688,Curillo,2018,0.23765348684791013
13689,El Doncello,2018,0.2529900863670611
13690,El Paujil,2018,0.30197811828401394
13691,Florencia,2018,0.43206901064159065
13692,La Montanita,2018,0.2673628227176287
13693,Milan,2018,0.23099298026641982
13694,Morelia,2018,0.2867423911972335
13695,Puerto Rico,2018,0.2261430964577792
13696,San Jose De Fragua,2018,0.2159570756506271
13697,San Vicente Del Caguan,2018,0.24026176238531163
13699,Valparaiso,2018,0.23401314011128616
13700,Aguazul,2018,3.0148686671158873
13701,Chameza,2018,0.27191265379975516
13702,Hato Corozal,2018,0.21404795522283415
13703,La Salina,2018,0.20847055882099777
13704,Mani,2018,0.28273301215174695
13705,Monterrey,2018,0.44894702171394457
13706,Nunchia,2018,0.26472863130117247
13707,Orocue,2018,0.2507975666173889
13708,Paz De Ariporo,2018,0.21426928187906097
13709,Pore,2018,0.2929146648873032
13710,Recetor,2018,0.27633972528437456
13711,Sabanalarga,2018,0.3943408965460301
13712,Sacama,2018,0.17608331706280966
13713,San Luis De Palenque,2018,0.2407730360429126
13714,Tamara,2018,0.21433088628537214
13715,Tauramena,2018,0.41462327815882016
13716,Trinidad,2018,0.2649445637987407
13717,Villanueva,2018,0.5317907153612758
13718,Yopal,2018,0.8749001142026068
13719,Almaguer,2018,0.24046227716561927
13720,Argelia,2018,0.2190979834305994
13721,Balboa,2018,0.2441298282584054
13722,Bolivar,2018,0.27127226912972985
13723,Buenos Aires,2018,0.3550385769730804
13724,Cajibio,2018,0.2748840553782251
13725,Caldono,2018,0.31716741433530327
13726,Caloto,2018,1.3689839127673558
13727,Corinto,2018,0.8782966550900767
13728,El Tambo,2018,0.2413347566596583
13729,Florencia,2018,0.3323143766376817
13730,Gorgona (is.),2018,0.2125499265957368
13731,Guapi,2018,0.2491255532603986
13732,Guapi (is.),2018,0.23190526369067643
13733,Inza,2018,0.28733989195442644
13734,Jambalo,2018,0.2820983556432708
13735,La Sierra,2018,0.27966679016636214
13736,La Vega,2018,0.2723343734600347
13737,Lopez De Micay,2018,0.2305071623188204
13738,Mercaderes,2018,0.2617613324595219
13739,Miranda,2018,0.8780534929222992
13740,Morales,2018,0.23778568471120434
13741,Padilla,2018,1.1758559887108517
13742,Paez,2018,0.256227962265091
13743,Patia (el Bordo),2018,0.2638886112563938
13744,Piendamo,2018,0.44814005827808445
13745,Popayan,2018,3.114989782915804
13746,Puerto Tejada,2018,3.104612883793151
13747,Purace,2018,0.2712754419033472
13748,Rosas,2018,0.28193421072707203
13749,San Sebastian,2018,0.24918319721954654
13750,Santa Rosa,2018,0.28931276005402046
13751,Santander De Quilichao,2018,1.0886799601345245
13752,Silvia,2018,0.3993678454243888
13753,Sotara,2018,0.41420041085302006
13754,Suarez,2018,0.20438976339649056
13755,Timbio,2018,0.3850630467655535
13756,Timbiqui,2018,0.23485380439687
13757,Timbiqui (is.),2018,0.22157883625498073
13758,Toribio,2018,1.3768402086418443
13759,Aguachica,2018,0.801119193532988
13760,Agustin Codazzi,2018,0.4348235208574292
13761,Astrea,2018,0.36929253067707113
13762,Becerril,2018,0.6164351504554317
13763,Bosconia,2018,0.5593042041027474
13764,Chimichagua,2018,0.2545043875795859
13765,Chiriguana,2018,0.42712034199491117
13766,Curumani,2018,0.3887108934200445
13767,El Copey,2018,0.3717047236326741
13768,El Paso,2018,0.7736128786767554
13769,Gamarra,2018,0.34834561374883244
13770,Gonzalez,2018,0.3159279045201743
13771,La Gloria,2018,0.34320466114177667
13772,La Jagua De Iribico,2018,1.5040165162252324
13773,La Paz,2018,0.46858899726952147
13774,Manaure Balcon Del Cesar,2018,0.3915152721993124
13775,Pailitas,2018,0.3927858743249942
13776,Pelaya,2018,0.31682119730503283
13777,Rio De Oro,2018,0.423860620124771
13778,San Alberto,2018,0.33598020877418067
13779,San Diego,2018,0.29880937373504907
13780,San Martin,2018,2.1365334396914872
13781,Tamalameque,2018,0.3562132818799351
13782,Valledupar,2018,0.8046210620127188
13783,Acandi,2018,0.20432303657677037
13784,Alto Baudo (pie De Pato),2018,0.21660627941409602
13785,Bagado,2018,0.23353949181387018
13786,Bahia Solano (ciudad Muti,2018,0.21680016349536532
13788,Bajo Baudo (is.),2018,0.2180602059329551
13789,Bajo Baudo (pizarro),2018,0.21123259822232415
13790,Bojaya (bella Vista),2018,0.19242688583881062
13791,Canton De San Pablo,2018,0.2568814536137396
13792,Condoto,2018,0.2543909891288704
13793,El Carmen,2018,0.21348554332924502
13794,Istmina,2018,0.25086414591433764
13795,Jurado,2018,0.19209357449191541
13796,Jurado (is.),2018,0.4501380107596094
13797,Litoral Del San Juan,2018,0.21309211650083867
13798,Litoral Del San Juan (is.,2018,0.16857156318997868
13799,Lloro,2018,0.24731839822845167
13800,Novita,2018,0.22994878165512317
13801,Nuqui,2018,0.21088124953092677
13802,Quibdo,2018,0.2432724837724478
13803,Riosucio,2018,0.17364595813293615
13804,San Jose Del Palmar,2018,0.2451459131265077
13805,Sipi,2018,0.23364640530403946
13806,Tado,2018,0.2881988407805997
13807,Unguia,2018,0.18042956780552288
13808,Ayapel,2018,0.2559923286917584
13809,Buenavista,2018,0.27399735710933343
13810,Canalete,2018,0.2592534424777179
13811,Cerete,2018,1.9852203684131648
13812,Chima,2018,0.3199943752095979
13813,Chinu,2018,0.5298092988275259
13814,Cienaga De Oro,2018,0.4967776247766273
13815,Lorica,2018,0.5541288364008164
13816,Los Cordobas,2018,0.32857226054644073
13817,Momil,2018,0.4878577769933849
13818,Monitos (is.),2018,0.27353813164616997
13819,Montelibano,2018,0.4008108054751728
13820,Monteria,2018,0.9020308948298773
13821,Mo¥itos,2018,0.3265987071579679
13822,Planeta Rica,2018,0.3913847986260482
13823,Pueblo Nuevo,2018,0.29645019190196265
13824,Puerto Escondido,2018,0.2573851555554798
13825,Puerto Libertador,2018,0.2294520880707445
13826,Purisima,2018,0.9476811975339143
13827,Sahagun,2018,0.629700476786604
13828,San Andres De Sotavento,2018,1.0065688677998714
13829,San Antero,2018,0.961475503054495
13830,San Bernardo El Viento,2018,0.38762943188237386
13831,San Bernardo El Viento (i,2018,0.1947927952177175
13832,San Carlos,2018,0.4382708220116741
13833,San Pelayo,2018,0.4772207847838038
13834,Tierralta,2018,0.22526929847951013
13835,Valencia,2018,0.2841105343307703
13836,Agua De Dios,2018,0.8738528436941099
13837,Alban,2018,0.8768475131479652
13838,Anapoima,2018,1.1059966688539518
13839,Anolaima,2018,0.7152135190584964
13840,Apulo (rafael Reyes),2018,0.6076906684169301
13841,Arbelaez,2018,0.4655117754282705
13842,Beltran,2018,0.3564687123329044
13843,Bituima,2018,0.48870212119591505
13844,Bojaca,2018,1.2696247924839137
13845,Cabrera,2018,0.22808714080916215
13846,Cachipay,2018,0.6103704081523474
13847,Cajica,2018,9.64434106327705
13848,Caparrapi,2018,0.32238833205272216
13849,Caqueza,2018,0.7678860616410651
13850,Carmen De Carupa,2018,0.302733366798494
13851,Chaguani,2018,0.2676246042689062
13852,Chia,2018,10.79194165572546
13853,Chipaque,2018,0.8989422963246492
13854,Choachi,2018,0.7378366838747512
13855,Choconta,2018,0.6050294131725067
13856,Cogua,2018,2.8290494092368763
13857,Cota,2018,9.231646864522032
13858,Cucunuba,2018,1.1576282277775896
13859,El Colegio,2018,1.4247620942871553
13860,El Pe¥on,2018,0.2666238768962955
13861,Facatativa,2018,3.8920352496547923
13862,Fomeque,2018,0.32999905773081256
13863,Fosca,2018,0.3111674023755105
13864,Funza,2018,14.980743242204339
13865,Fuquene,2018,0.5461414223709189
13866,Fusagasuga,2018,2.1334664081959063
13867,Gachala,2018,0.22776061584678312
13868,Gachancipa,2018,6.396357119109944
13869,Gacheta,2018,0.3227560497416272
13870,Gama,2018,0.23638950152049623
13871,Girardot,2018,5.420565139450436
13872,Guacheta,2018,1.080730022930955
13873,Guaduas,2018,0.5173904875496315
13874,Guasca,2018,0.7543610334140312
13875,Guataqui,2018,0.376773952015958
13876,Guatavita,2018,0.9432825275642173
13877,Guayabal De Siquima,2018,0.37453147102866313
13878,Guayabetal,2018,0.36642592119421874
13879,Gutierrez,2018,0.23747710169917616
13880,Jerusalen,2018,0.27976385208102267
13881,Junin,2018,0.2540270682748607
13882,La Calera,2018,2.6644240648893693
13883,La Mesa,2018,1.655466590802547
13884,La Palma,2018,0.3318815631150264
13885,La Pe¥a,2018,0.28355518883689645
13886,La Vega,2018,0.6369647043747098
13887,Lenguazaque,2018,0.6476933928285421
13888,Macheta,2018,0.2965896684387933
13889,Madrid,2018,5.018955579727565
13890,Manta,2018,0.25931582308356055
13891,Medina,2018,0.29026220626567667
13892,Mosquera,2018,2.9589557174281302
13893,Nari¥o,2018,0.5960802192999206
13894,Nemocon,2018,1.6108074506033054
13895,Nilo,2018,0.8628077349497785
13896,Nimaima,2018,0.40470844535092065
13897,Nocaima,2018,0.5304423112149225
13898,Pacho,2018,0.3540061608260493
13899,Paime,2018,0.24656232744880482
13900,Pandi,2018,0.5383129689386135
13901,Paratebueno,2018,0.26226297804958193
13902,Pasca,2018,0.3849924297318987
13903,Puerto Salgar,2018,0.7973762084866115
13904,Puli,2018,0.3616875597739433
13905,Quebradanegra,2018,0.4218684396622889
13906,Quetame,2018,0.5731231732411243
13907,Quipile,2018,0.3413362580142476
13908,Ricaurte,2018,3.8400670836798008
13909,San Antonio Del Tequendam,2018,1.2790596978630386
13910,San Bernardo,2018,0.23848092290041012
13911,San Cayetano,2018,0.208552314498361
13912,San Francisco,2018,0.7407254913202809
13913,San Juan De Rio Seco,2018,0.30335008112911316
13914,Santafe De Bogota D.c.,2018,13.314429921802574
13915,Sasaima,2018,0.7518660112006311
13916,Sesquile,2018,1.2684327451713886
13917,Sibate,2018,1.3351100905272886
13918,Silvania,2018,0.9801996528416512
13919,Simijaca,2018,0.7131371867497327
13920,Soacha,2018,4.284900361455917
13921,Sopo,2018,4.14444055732035
13922,Subachoque,2018,1.366618492037747
13923,Suesca,2018,0.9663019893433131
13924,Supata,2018,0.37476224508998673
13925,Susa,2018,0.4133024100563921
13926,Sutatausa,2018,1.3529488956657685
13927,Tabio,2018,2.4321871032068088
13928,Tausa,2018,0.5299731215048546
13929,Tena,2018,1.1040509452772311
13930,Tenjo,2018,4.2236942330468805
13931,Tibacuy,2018,0.5303697700713781
13932,Tibirita,2018,0.3353926936832091
13933,Tocaima,2018,0.6376313595014576
13934,Tocancipa,2018,8.353389945548246
13935,Topaipi,2018,0.2707651343805999
13936,Ubala,2018,0.2825788001488302
13937,Ubaque,2018,0.7170984592512664
13938,Ubate,2018,1.304060110498443
13939,Une,2018,0.33988529028208586
13940,Utica,2018,0.3592743246392888
13941,Venecia (ospina Perez),2018,0.2619920085269181
13942,Vergara,2018,0.2689319565145601
13943,Viani,2018,0.3308769254906325
13944,Villagomez,2018,0.26300627720857633
13945,Villapinzon,2018,0.6065823600613767
13946,Villeta,2018,1.136884128071165
13947,Viota,2018,0.5231199024480477
13948,Yacopi,2018,0.21992559451961452
13949,Zipacon,2018,1.1673624820362305
13950,Zipaquira,2018,2.7957527228737984
13951,Barranco Minas,2018,0.1788535603678151
13952,Cacahual,2018,0.16000988595721904
13953,Inirida,2018,0.18470838218001673
13954,La Guadalupe,2018,0.16525442440813218
13955,Pana Pana,2018,0.20365733157433957
13956,Puerto Colombia,2018,0.1772000808206026
13957,San Felipe,2018,0.18193097172821676
13958,Barrancas,2018,1.7109302765364003
13959,El Molino,2018,0.24256568080801144
13960,Fonseca,2018,0.5430497703488688
13961,Hato Nuevo,2018,1.3473558272396706
13962,Maicao,2018,0.875544076468924
13963,Manaure,2018,0.4794039636830026
13964,Riohacha,2018,0.3344212538579479
13965,San Juan Del Cesar,2018,0.4932275227423478
13966,Uribia,2018,0.2535938048556665
13967,Urumita,2018,0.6181830930804921
13968,Villanueva,2018,0.765079233733354
13969,Calamar,2018,0.2085820208940034
13970,El Retorno,2018,0.214711250464624
13971,Miraflores,2018,0.2226814830766971
13972,San Jose Del Guaviare,2018,0.2162885119090014
13973,Acevedo,2018,0.28905693131157834
13974,Agrado,2018,0.4076016329216328
13975,Aipe,2018,0.36925686162000354
13976,Algeciras,2018,0.2737780200969762
13977,Altamira,2018,0.39497848175296946
13978,Baraya,2018,0.26169152626993225
13979,Campo Alegre,2018,0.5584792845148941
13980,Colombia,2018,0.22602355430288454
13981,Elias,2018,0.411856775929852
13982,Garzon,2018,0.7089977484282456
13983,Gigante,2018,0.7321020628204858
13984,Guadalupe,2018,0.3690833704683986
13985,Hobo,2018,0.35721584592182615
13986,Iquira,2018,0.22146201118096473
13987,Isnos,2018,0.3728277106080478
13988,La Argentina,2018,0.24782125030433316
13989,La Plata,2018,0.33369976030341403
13990,Nataga,2018,0.22342874676123603
13991,Neiva,2018,1.5082912507067758
13992,Oporapa,2018,0.31007361273621176
13993,Paicol,2018,0.34284192806374714
13994,Palermo,2018,0.3859827533587112
13995,Palestina,2018,0.2458797632298147
13996,Pital,2018,0.27672253929104146
13997,Pitalito,2018,0.9703829180261506
13998,Rivera,2018,0.5852172145409926
13999,Salado Blanco,2018,0.2628365378996998
14000,San Agustin,2018,0.25015802053356917
14001,Santa Maria,2018,0.2378078312266572
14002,Suaza,2018,0.32149322997308455
14003,Tarqui,2018,0.307630946950841
14004,Tello,2018,0.37621540160752365
14005,Teruel,2018,0.2326050045133119
14006,Tesalia,2018,0.34792701896813377
14007,Timana,2018,0.6253272381484309
14008,Villa Vieja,2018,0.36830458658421755
14009,Yaguara,2018,0.7162346566500312
14010,Aracataca,2018,0.3980379457541498
14011,Ariguani,2018,0.275060980202697
14012,Cerro San Antonio,2018,0.6961812806641315
14013,Chivolo,2018,0.21115035709373994
14014,Cienaga,2018,0.8683930593748359
14015,El Banco,2018,0.5088278796202681
14016,El Pi¥on,2018,0.310955976947598
14017,Fundacion,2018,0.2801780256868312
14018,Guamal,2018,0.4238459738740795
14019,Pedraza,2018,0.2881329022987418
14020,Pivijay,2018,0.29301249882392455
14021,Plato,2018,0.26656096976900845
14022,Pueblo Viejo,2018,0.3012027805212465
14023,Remolino,2018,0.3970395494309995
14024,Salamina,2018,0.47717441044666
14025,San Sebastian De Buenavis,2018,0.4020088359068808
14026,San Zenon,2018,0.8823244862510919
14027,Santa Ana,2018,0.28575932263251436
14028,Santa Marta (dist. Esp.),2018,1.49563420005628
14029,Santa Marta (dist. Esp.)(,2018,0.3288603970977316
14030,Tenerife,2018,0.28523632037116714
14031,Acacias,2018,6.6724126074363586
14032,Barranca De Upia,2018,0.5730123771817833
14033,Cabuyaro,2018,0.4858755698078984
14034,Castilla La Nueva,2018,1.3474603228938855
14035,Cubarral,2018,0.2639944262900953
14036,Cumaral,2018,0.4400653047571734
14037,El Calvario,2018,0.26944086057098177
14038,El Castillo,2018,0.3094760277232342
14039,El Dorado,2018,0.38928913211613886
14040,Fuente De Oro,2018,0.30532956101960834
14041,Granada,2018,1.8317450341914103
14042,Guamal,2018,0.613019971142589
14043,La Macarena,2018,0.24122827738438662
14044,La Uribe,2018,0.22670936315534843
14045,Lejanias,2018,0.2734428623203616
14046,Mapiripan,2018,0.23049488651161915
14047,Mesetas,2018,0.2396921079467408
14048,Puerto Concordia,2018,0.26352176585777753
14049,Puerto Gaitan,2018,0.35340283787166377
14050,Puerto Lleras,2018,0.24896544159017367
14051,Puerto Lopez,2018,0.2940876268900253
14052,Puerto Rico,2018,0.23816795019658493
14053,Restrepo,2018,1.218051454443929
14054,San Carlos De Guaroa,2018,0.3863027243991264
14055,San Juan De Arama,2018,0.25588180324836357
14056,San Juanito,2018,0.24320201188167753
14057,San Martin,2018,0.2773547687095987
14058,Villavicencio,2018,1.8820997154986763
14059,Vistahermosa,2018,0.23836603200680975
14060,Alban,2018,0.40698338970925957
14061,Aldana,2018,0.750792787024793
14062,Ancuya,2018,0.28309794353240664
14063,Arboleda,2018,0.3301302754835358
14064,Barbacoas,2018,0.263374059167585
14065,Belen,2018,0.28995511588559786
14066,Buesaco,2018,0.38727939219085106
14067,Chachagui,2018,0.4975324339096837
14068,Colon,2018,0.34117801631935674
14069,Consaca,2018,0.4408533697935003
14070,Contadero,2018,0.6436477494425122
14071,Cordoba,2018,0.3855336972317028
14072,Cuaspud,2018,0.6959776308882947
14073,Cumbal,2018,0.2652566709432944
14074,Cumbitara,2018,0.2618607953106707
14075,El Charco,2018,0.24198234625739073
14076,El Charco (is.),2018,0.196768801329321
14077,El Rosario,2018,0.27602603433321915
14078,El Tablon,2018,0.2914070291385533
14079,El Tambo,2018,0.29507194971200446
14080,Francisco Pizarro,2018,0.255286665021482
14081,Funes,2018,0.3319872049187211
14082,Guachucal,2018,0.3004112476649354
14083,Guaitarilla,2018,0.32032566352295877
14084,Gualmatan,2018,0.38783288058396603
14085,Iles,2018,0.37628295251682975
14086,Imues,2018,0.5921272234037805
14087,Ipiales,2018,0.4673876110886259
14088,La Cruz,2018,0.4082354786523338
14089,La Florida,2018,0.37598061603993316
14090,La Llanada,2018,0.2786947856053592
14091,La Tola,2018,0.23346551437758323
14092,La Union,2018,0.44644815109020447
14093,Leiva,2018,0.24582686723678368
14094,Linares,2018,0.39598890686791105
14095,Los Andes,2018,0.24914478429363723
14096,Magui,2018,0.2531979141139697
14097,Mallama,2018,0.2554016256375196
14098,Mosquera,2018,0.21281884073212412
14099,Mosquera (is.),2018,0.20568190151904256
14100,Olaya Herrera,2018,0.24497559454074896
14101,Ospina,2018,1.321731667806477
14102,Pasto,2018,1.2241351045588396
14103,Policarpa,2018,0.2899371492286288
14104,Potosi,2018,0.41469657491148215
14105,Providencia,2018,0.29919945407413273
14106,Puerres,2018,0.3416540210513452
14107,Pupiales,2018,0.47667621473564525
14108,Ricaurte,2018,0.27066816726795656
14109,Roberto Payan,2018,0.24596076731525876
14110,Samaniego,2018,0.30024440481522374
14111,San Bernardo,2018,0.30578763407704757
14112,San Lorenzo,2018,0.3401068612523479
14113,San Pablo,2018,0.5377357840106453
14114,San Pedro De Cartago,2018,0.3472329951254089
14115,Sandona,2018,0.5199924091942899
14116,Santa Barbara,2018,0.2562193615166594
14117,Santa Cruz,2018,0.24966711724996374
14118,Sapuyes,2018,0.39384942567824244
14119,Taminango,2018,0.2918919650232961
14120,Tangua,2018,0.4700754033815415
14121,Tumaco,2018,0.2922841106219327
14122,Tumaco (is.),2018,3.0793766941520118
14123,Tuquerres,2018,0.404224978991655
14124,Yacuanquer,2018,0.3316022641868684
14125,Abrego,2018,0.20755918485643424
14126,Arboledas,2018,0.2128050546451571
14127,Bochalema,2018,0.2837568259271419
14128,Bucarasica,2018,0.20346487337380986
14129,Cachira,2018,0.21729921511141168
14130,Cacota,2018,0.25776472680360374
14131,Chinacota,2018,0.7510156544898258
14132,Chitaga,2018,0.21226125379808256
14133,Convencion,2018,0.19379091042809118
14134,Cucuta,2018,2.52438766975983
14135,Cucutilla,2018,0.2400171679982957
14136,Durania,2018,0.30327489121707113
14137,El Carmen,2018,0.18386258306987072
14138,El Tarra,2018,0.16153224641472053
14139,El Zulia,2018,0.4178100407888076
14140,Gramalote,2018,0.2967575922945998
14141,Hacari,2018,0.17410103398876994
14142,Herran,2018,0.3487762919293049
14143,La Esperanza,2018,0.3447059870173751
14144,La Playa,2018,0.26105452355233993
14145,Labateca,2018,0.2425028467843516
14146,Los Patios,2018,0.9728582650138003
14147,Lourdes,2018,0.3158411924201487
14148,Mutiscua,2018,0.257052377049817
14149,Oca¥a,2018,0.8502953535720562
14150,Pamplona,2018,0.6294676385655101
14151,Pamplonita,2018,0.29841883363173366
14152,Puerto Santander,2018,0.3310561217069945
14153,Ragonvalia,2018,0.3209746747123166
14154,Salazar,2018,0.2323141677167785
14155,San Calixto,2018,0.17035794030647286
14156,San Cayetano,2018,0.6750400677019331
14157,Santiago,2018,0.33623108830713705
14158,Sardinata,2018,0.22407686213992167
14159,Silos,2018,0.2480755498114076
14160,Teorama,2018,0.18643910697934754
14161,Tibu,2018,0.2367573846955174
14162,Toledo,2018,0.2301228022309231
14163,Villa Caro,2018,0.21362112684071508
14164,Villa Del Rosario,2018,3.527244539823853
14165,Colon,2018,0.38062643800503604
14166,Mocoa,2018,0.9839713845066687
14167,Orito,2018,0.3807258336485531
14168,Puerto Asis,2018,0.49117463977888043
14169,Puerto Caicedo,2018,0.24939586596516555
14170,Puerto Guzman,2018,0.21731222327354668
14172,San Francisco,2018,0.3266885340062426
14173,Santiago,2018,0.27424863403326966
14174,Sibundoy,2018,0.4706933998924953
14175,Valle Del Guamuez (la Hor,2018,0.4056988806402495
14176,Villagarzon,2018,0.5016123300347044
14177,Armenia,2018,8.49076137369484
14178,Buenavista,2018,0.3609054093491025
14179,Calarca,2018,1.9543703652220046
14180,Circasia,2018,1.6968179043997569
14181,Cordoba,2018,0.43538404171653794
14182,Filandia,2018,1.001883706419242
14183,Genova,2018,0.37332610666801763
14184,La Tebaida,2018,1.9283800518344867
14185,Montenegro,2018,0.6786765980670555
14186,Pijao,2018,0.5802133390909975
14187,Quimbaya,2018,0.44906454345520164
14188,Salento,2018,1.0219782440640972
14189,Apia,2018,0.3293094784526878
14190,Balboa,2018,0.3610589824101318
14191,Belen De Umbria,2018,0.505854482813003
14192,Dos Quebradas,2018,14.588922958610636
14193,Guatica,2018,0.4115892153590068
14194,La Celia,2018,0.22260789423629745
14195,La Virginia,2018,4.462014149217769
14196,Marsella,2018,0.6137207879361813
14197,Mistrato,2018,0.2260525473992341
14198,Pereira,2018,3.5064596492820987
14199,Pueblo Rico,2018,0.2268729784492903
14200,Quinchia,2018,0.5713659239908411
14201,Santa Rosa De Cabal,2018,1.0222975280339026
14202,Santuario,2018,0.33764600872297035
14203,San Andres Y Providencia,2018,9.478919209849279
14204,Santa Catalina,2018,1.6405416780645392
14205,Santa Catarina,2018,1.5904760809135468
14206,Aguada,2018,0.19987599940475925
14207,Albania,2018,0.2288953498081777
14208,Aratoca,2018,0.3374505696980308
14209,Barbosa,2018,0.620331624982534
14210,Barichara,2018,0.4630109665034345
14211,Barrancabermeja,2018,2.195535745605766
14212,Betulia,2018,0.2430632650060687
14213,Bolivar,2018,0.22658896378001886
14214,Bucaramanga,2018,13.033084449059345
14215,Cabrera,2018,0.27685081023588637
14216,California,2018,0.3098475623716709
14217,Capitanejo,2018,0.2654978461223841
14218,Carcasi,2018,0.19424061935086
14219,Cepita,2018,0.241713468185634
14220,Cerrito,2018,0.2187672766007307
14221,Charala,2018,0.23349436541610047
14222,Charta,2018,0.300351023226016
14223,Chima,2018,0.19846201476810973
14224,Chipata,2018,0.3028017988688976
14225,Cimitarra,2018,0.24546085036205506
14226,Concepcion,2018,0.250085363124823
14227,Confines,2018,0.2240658792683759
14228,Contratacion,2018,0.3047246476487496
14229,Coromoro,2018,0.19296116478188377
14230,Curiti,2018,0.37748631710361097
14231,El Carmen,2018,0.30718705044490974
14232,El Guacamayo,2018,0.19479632135322167
14233,El Pe¥on,2018,0.1816560649524292
14234,El Playon,2018,0.24506458525157723
14235,Encino,2018,0.2077441535151465
14236,Enciso,2018,0.6618835417245352
14237,Florian,2018,0.25921795033276546
14238,Floridablanca,2018,7.21721667520494
14239,Galan,2018,0.18510228187029
14240,Gambita,2018,0.2392288777202637
14241,Giron,2018,0.7053061324466038
14242,Guaca,2018,0.23336191029245476
14243,Guadalupe,2018,0.2590726415772343
14244,Guapota,2018,0.268100297158904
14245,Guavata,2018,0.27083715124381774
14246,Guepsa,2018,0.5065377276680384
14247,Hato,2018,0.18613072624337032
14248,Jesus Maria,2018,0.21652907388826165
14249,Jordan,2018,0.19190630852674398
14250,La Belleza,2018,0.22875151308544475
14251,La Paz,2018,0.19091030747442825
14252,Landazuri,2018,0.18802893346619035
14253,Lebrija,2018,0.4643542575672329
14254,Los Santos,2018,0.4675601809434477
14255,Macaravita,2018,0.2141211529497603
14256,Malaga,2018,0.4439166408016041
14257,Matanza,2018,0.26268197391810716
14258,Mogotes,2018,0.20038045349036218
14259,Molagavita,2018,0.2031136989295869
14260,Ocamonte,2018,0.25714914390404964
14261,Oiba,2018,0.3038101577582296
14262,Onzaga,2018,0.1932315198977998
14263,Palmar,2018,0.29970385986856
14264,Palmas Del Socorro,2018,0.2868120376245677
14265,Paramo,2018,0.2598340826131451
14266,Piedecuesta,2018,1.589834557045516
14267,Pinchote,2018,0.5181174058652672
14268,Puente Nacional,2018,0.3252489092531522
14269,Puerto Parra,2018,0.18371099758405465
14270,Puerto Wilches,2018,0.2912200142005343
14271,Rionegro,2018,0.3594603834802263
14272,Sabana De Torres,2018,0.43712484918481975
14273,San Andres,2018,0.2786334592986949
14274,San Benito,2018,0.24909844455887717
14275,San Gil,2018,1.6159172799713422
14276,San Joaquin,2018,0.1994992710422859
14277,San Jose Miranda,2018,0.20454047881385892
14278,San Miguel,2018,0.24045379074994214
14279,San Vicente De Chucuri,2018,0.3551260164876516
14280,Santa Barbara,2018,0.2957527388194305
14281,Santa Helena De Opon,2018,0.17650721244791265
14282,Simacota,2018,0.21826379483248207
14283,Socorro,2018,0.8959098535661862
14284,Suaita,2018,0.25040939183876065
14285,Sucre,2018,0.1885959346583337
14286,Surata,2018,0.19475134878158004
14287,Tona,2018,0.3842392073223188
14288,Valle De  San Jose,2018,0.30137675780061407
14289,Velez,2018,0.31433642482824203
14290,Vetas,2018,0.31509925657631865
14291,Villanueva,2018,0.5287375708413042
14292,Zapatoca,2018,0.2706219537333204
14293,Buenavista,2018,0.4792594837017859
14294,Caimito,2018,0.35282320644558296
14295,Chalan,2018,0.3750784419642365
14296,Coloso (ricaurte),2018,0.49813160766899894
14297,Corozal,2018,0.7787227154626167
14298,Galeras,2018,0.37185970804758256
14299,Guaranda,2018,0.1991398016163289
14300,La Union,2018,0.5179729191503876
14301,Los Palmitos,2018,0.44158170788061957
14302,Majagual,2018,0.2566972282904043
14303,Morroa,2018,1.6062988292026297
14304,Ovejas,2018,0.41711161733871666
14305,Palmito,2018,0.5542228151970557
14306,Sampues,2018,1.236746881405115
14307,San Benito Abad,2018,0.2436327596439258
14308,San Juan De Betulia,2018,0.5766453985779578
14309,San Marcos,2018,0.42826546829265894
14310,San Onofre,2018,0.3086829523339239
14311,San Onofre (is.),2018,0.2948561374806176
14312,San Pedro,2018,0.5540919235577954
14313,Since,2018,0.3728535061097481
14314,Sincelejo,2018,4.748644537133433
14315,Sucre,2018,0.2350908768820868
14316,Tolu,2018,1.3095219209813571
14317,Toluviejo,2018,0.6477898147100106
14318,Alpujarra,2018,0.2617282456799621
14319,Alvarado,2018,0.44145795297558593
14320,Ambalema,2018,0.2978576316149969
14321,Anzoategui,2018,0.21917189205310975
14322,Armero (guayabal),2018,0.3462295341982863
14323,Ataco,2018,0.23383697773503542
14324,Cajamarca,2018,0.3523866195545314
14325,Carmen De Apicala,2018,0.6668089137899137
14326,Casabianca,2018,0.2207957302852017
14327,Chaparral,2018,0.28349360245579963
14328,Coello,2018,0.693628986635078
14329,Coyaima,2018,0.31660266390427755
14330,Cunday,2018,0.2718991250982526
14331,Dolores,2018,0.2681213378758616
14332,Espinal,2018,1.7013255936336447
14333,Falan,2018,0.3210753192533301
14334,Flandes,2018,1.925815726300166
14335,Fresno,2018,0.6712290004849645
14336,Guamo,2018,0.6465819025422597
14337,Herveo,2018,0.21887951445359866
14338,Honda,2018,0.3027356889288924
14339,Ibague,2018,2.3545393278915605
14340,Icononzo,2018,0.9202813382482999
14341,Lerida,2018,0.5531793154196035
14342,Libano,2018,0.5258934028934626
14343,Mariquita,2018,0.8175178669462358
14344,Melgar,2018,2.3741803287675665
14345,Murillo,2018,0.08420626908046508
14346,Natagaima,2018,0.2715383065883347
14347,Ortega,2018,0.40879788822452756
14348,Piedras,2018,0.4990941169065851
14349,Planadas,2018,0.24390672010461278
14350,Prado,2018,0.2887428077222279
14351,Purificacion,2018,0.7900199625959476
14352,Rioblanco,2018,0.22684179433526772
14353,Roncesvalles,2018,0.2278353536805595
14354,Rovira,2018,0.28350453768553857
14355,Salda¥a,2018,0.5274844988544544
14356,San Antonio,2018,0.2847489138070301
14357,San Luis,2018,0.379911693990083
14358,Santa Isabel,2018,0.1864262294348046
14359,Suarez,2018,0.4632377669796331
14360,Valle De San Juan,2018,0.3407917481646321
14361,Venadillo,2018,0.3784878976587181
14362,Villa Hermosa,2018,0.17560114810397184
14363,Villarrica,2018,0.2857269443270734
14364,Alcala,2018,0.68081781783115
14365,Andalucia,2018,1.1635614035444268
14366,Ansermanuevo,2018,0.3222922876576074
14367,Argelia,2018,0.3296948557469107
14368,Bolivar,2018,0.25411228015833015
14369,Buenaventura,2018,0.35941203162869456
14370,Buenaventura (is.),2018,0.21577110661428625
14371,Buga,2018,0.816145877926231
14372,Bugalagrande,2018,0.93175748585367
14373,Caicedonia,2018,0.6996988585057972
14374,Cali,2018,11.916371087881322
14375,Calima  (darien),2018,0.3059584128665725
14376,Candelaria,2018,8.011292369879326
14377,Cartago,2018,1.9078739850757827
14378,Dagua,2018,0.45694161477237244
14379,El Aguila,2018,0.2728664116415852
14380,El Cairo,2018,0.2247587249945172
14381,El Cerrito,2018,0.9684227289067673
14382,El Dovio,2018,0.3279142772223253
14383,Florida,2018,1.0553104899004184
14384,Ginebra,2018,0.7021357375017245
14385,Guacari,2018,0.9276721442532919
14386,Jamundi,2018,1.2561728797421827
14387,La Cumbre,2018,0.7087453487199172
14388,La Union,2018,1.2775290070882963
14389,La Victoria,2018,0.5047865358950293
14390,Name Unknown,2018,0.19145386057217517
14391,Obando,2018,0.5173784992406133
14392,Palmira,2018,4.983527980528987
14393,Pradera,2018,1.1513886645173739
14394,Restrepo,2018,0.8450617339429988
14395,Riofrio,2018,0.3700669639977944
14396,Roldanillo,2018,0.4820746034348502
14397,San Pedro,2018,0.8515061618909494
14398,Sevilla,2018,0.36913072309669537
14399,Toro,2018,0.41648846078313756
14400,Trujillo,2018,0.34528341108783533
14401,Tulua,2018,1.8043575124898186
14402,Ulloa,2018,0.8228230787631414
14403,Versalles,2018,0.27608489306842443
14404,Vijes,2018,0.5343457407308944
14405,Yotoco,2018,0.5760740430226833
14406,Yumbo,2018,4.737460794338704
14407,Zarzal,2018,1.1463555816309137
14408,Caruru,2018,0.2000947083732807
14409,Mitu,2018,0.20801083655763758
14411,Papunahua,2018,0.21020849427433558
14413,Yavarate,2018,0.2086974999509206
14414,Cumaribo,2018,0.22855303432082077
14415,La Primavera,2018,0.24917716517467764
14416,Puerto Carreno,2018,0.24768021618400363
14417,San Jose De Ocune,2018,0.19800158447730948
14418,Santa Rita,2018,0.21269134824318317
14419,Santa Rosalia,2018,0.25147973709770904
13659,Isla,2018,0.34058007903687365
13333,El Encanto,2018,0.19024812197583546
13334,La Chorrera,2018,0.18801558824751188
13335,La Pedrera,2018,0.18538845244200713
13336,Leticia,2018,0.21204389834475773
13337,Miriti Parana,2018,0.1810095833612663
13338,Puerto Narino,2018,0.1994069563321179
13339,Puerto Santander,2018,0.1790985322750216
13340,Tarapaca,2018,0.18260337158290002
13698,Solano,2018,0.2102772680747021
14171,Puerto Leguizamo,2018,0.22165775678471128
14410,Pacoa,2018,0.18516381891414688
14412,Taraira,2018,0.1840730982575647
13341,Abejorral,2024,0.34983942446412614
13342,Abriaqui,2024,0.2518655075397967
13343,Alejandria,2024,0.33686106808770455
13344,Amaga,2024,1.4147155671835843
13345,Amalfi,2024,0.31339970223843205
13346,Andes,2024,0.29961301141807967
13347,Angelopolis,2024,0.6564873709488631
13348,Angostura,2024,0.41242951321251825
13349,Anori,2024,0.2977161081397528
13350,Antioquia,2024,0.5068117802896276
13351,Anza,2024,0.3276072452191202
13352,Apartado,2024,0.8606592266364805
13353,Arboletes,2024,0.40884825291546656
13354,Argelia,2024,0.2600055879793823
13355,Armenia,2024,0.4107926065704505
13356,Barbosa,2024,2.288141756640718
13357,Bello,2024,7.5857328780683115
13358,Belmira,2024,0.27404320356644674
13359,Betania,2024,0.24657142421916145
13360,Betulia,2024,0.3393333221608012
13361,Bolivar,2024,0.4277444046815217
13362,Briceno,2024,0.38620411328834087
13363,Buritica,2024,0.5607950628233287
13364,Caceres,2024,0.35085895105216086
13365,Caicedo,2024,0.327247919476081
13366,Caldas,2024,1.5683301794226165
13367,Campamento,2024,0.3984405310992299
13368,Canasgordas,2024,0.3693673531283166
13369,Caracoli,2024,0.29726953273903456
13370,Caramanta,2024,0.4694704042180134
13371,Carepa,2024,0.718227212439102
13372,Carmen De Viboral,2024,1.3337271336230647
13373,Carolina,2024,0.3804628128517378
13374,Caucasia,2024,0.6106376728657009
13375,Chigorodo,2024,0.42036671025026284
13376,Cisneros,2024,1.370816541642033
13377,Cocorna,2024,0.5300180224881608
13378,Concepcion,2024,0.3785234013575821
13379,Concordia,2024,0.45394892582311575
13380,Copacabana,2024,7.344681505811012
13381,Dabeiba,2024,0.29755718840674816
13382,Don Matias,2024,0.8605829149518209
13383,Ebejico,2024,0.4856789403589969
13384,El Bagre,2024,0.4223868041544823
13385,Entrerrios,2024,0.35330683805304336
13386,Envigado,2024,16.65270554651084
13387,Fredonia,2024,0.6439992544944035
13388,Frontino,2024,0.301640115863901
13389,Giraldo,2024,0.6872330051189453
13390,Girardota,2024,5.655196804422703
13391,Gomez Plata,2024,0.3976042992245872
13392,Granada,2024,0.49505721341773484
13393,Guadalupe,2024,0.3461187546124306
13394,Guarne,2024,3.373724721653258
13395,Guatape,2024,1.0288046976489804
13396,Heliconia,2024,0.5488767420215217
13397,Hispania,2024,0.368688742649817
13398,Itagui,2024,20.444396298744206
13399,Ituango,2024,0.2803526561439802
13400,Jardin,2024,0.3639611651468146
13401,Jerico,2024,0.5761940835766577
13402,La Ceja,2024,3.633412026195042
13403,La Estrella,2024,2.0702132393789276
13404,La Union,2024,0.8348178768641624
13405,Liborina,2024,0.376147109126491
13406,Maceo,2024,0.4550683830393686
13407,Marinilla,2024,5.405607855459411
13408,Medellin,2024,16.36004734254656
13409,Montebello,2024,0.559979028933313
13410,Murindo,2024,0.23854828867904251
13411,Mutata,2024,0.29041454666101785
13412,Narino,2024,0.2831988463497136
13413,Nechi,2024,0.3273873163734505
13414,Necocli,2024,0.33259628654243084
13415,Necocli (is.),2024,0.17932676777644416
13416,Olaya,2024,0.6986955259335237
13417,Penol,2024,0.9674520686623782
13418,Peque,2024,0.2726198227632865
13419,Pto Nare (la Magd.),2024,0.3453586071813657
13420,Pueblorrico,2024,0.5587487246323188
13421,Puerto Berrio,2024,0.31823932148763673
13422,Puerto Triunfo,2024,0.8263656683411337
13423,Remedios,2024,0.34920081918984053
13424,Retiro,2024,2.006179920880823
13425,Rionegro,2024,6.621377166310864
13426,Sabanalarga,2024,0.3532773998176992
13427,Sabaneta,2024,12.155846148289191
13428,Salgar,2024,0.30688466148768095
13429,San Andres,2024,0.36127871519790444
13430,San Carlos,2024,0.3875306938427569
13431,San Francisco,2024,0.28791603248396214
13432,San Jeronimo,2024,1.354250853271332
13433,San Jose De La Montana,2024,0.2548698620719296
13434,San Juan De Uraba,2024,0.4032894786086342
13435,San Luis,2024,0.3841412002737341
13436,San Pedro,2024,0.7734849280602797
13437,San Pedro De Uraba,2024,0.3704595336091204
13438,San Rafael,2024,0.45462912446575326
13439,San Roque,2024,0.36583017496564385
13440,San Vicente,2024,1.0037747726274242
13441,Santa Barbara,2024,0.6783436376730572
13442,Santa Rosa De Osos,2024,0.4531957231796549
13443,Santo Domingo,2024,0.4741500792063391
13444,Santuario,2024,2.9690483551073017
13445,Segovia,2024,0.4389916030874995
13446,Sonson,2024,0.3515293910043469
13447,Sopetran,2024,1.4196850175460616
13448,Tamesis,2024,0.4141887844563573
13449,Taraza,2024,0.3005337151189361
13450,Tarso,2024,0.45505929872228723
13451,Titiribi,2024,0.5634017290660855
13452,Toledo,2024,0.37049691432675125
13453,Turbo,2024,0.35597255996703003
13454,Turbo (is.),2024,0.16403744682746454
13455,Uramita,2024,0.32663590705387363
13456,Urrao,2024,0.29757898569833574
13457,Valdivia,2024,0.31794214101291063
13458,Valparaiso,2024,0.4797451510211622
13459,Vegachi,2024,0.38169091706203695
13460,Venecia,2024,0.7498461745982363
13461,Vigia Del Fuerte,2024,0.25204002303616163
13462,Yali,2024,0.3637803219303002
13463,Yarumal,2024,0.4161199941327911
13464,Yolombo,2024,0.39540679280618857
13465,Yondo,2024,0.40615381774612447
13466,Zaragoza,2024,0.4152254527041937
13467,Arauca,2024,0.364474082102956
13468,Arauquita,2024,0.4348091853014854
13469,Cravo Norte,2024,0.2628870960403863
13470,Fortul,2024,0.33261711406064615
13471,Puerto Rondon,2024,0.4026204654056087
13472,Saravena,2024,1.122706621462912
13473,Tame,2024,0.3683394697646006
13474,Baranoa,2024,3.278289444387854
13475,Barranquilla  (dist.port.,2024,6.60925482897593
13476,Campo De La Cruz,2024,1.3426517350097444
13477,Candelaria,2024,0.8832829064642365
13478,Galapa,2024,7.106896710214993
13479,Juan De Acosta,2024,1.0421907702647726
13480,Luruaco,2024,0.7738187913397104
13481,Malambo,2024,7.94060774776165
13482,Manati,2024,1.032690939498415
13483,Palmar De Varela,2024,1.8953436065034794
13484,Piojo,2024,0.5093915488180024
13485,Polo Nuevo,2024,2.1763688789276645
13486,Ponedera,2024,1.036453995491894
13487,Puerto Colombia,2024,8.95915613933456
13488,Repelon,2024,0.7398537698483622
13489,Sabanagrande,2024,9.862554811572217
13490,Sabanalarga,2024,1.6751406512264209
13491,Santa Lucia,2024,1.1928650369121752
13492,Santo Tomas,2024,3.9069414399802183
13493,Soledad,2024,41.52493167543693
13494,Suan,2024,0.918107849420653
13495,Tubara,2024,1.6550065203628788
13496,Usiacuri,2024,1.0566209874121095
13497,Achi,2024,0.32006758919396694
13498,Altos Del Rosario,2024,0.31037332924680855
13499,Arjona,2024,0.9282686736958952
13500,Barranco De Loba,2024,0.3055465064388306
13501,Calamar,2024,0.5596888520637553
13502,Cantagallo,2024,0.2871318091921214
13503,Cartagena (dist. Esp.),2024,12.171995655249207
13504,Cartagena (dist. Esp.) (i,2024,3.090564523778803
13505,Cicuco,2024,1.139756308461342
13506,Cordoba,2024,0.41893588355884115
13507,El Carmen De Bolivar,2024,0.562179505534772
13508,El Guamo,2024,0.3628373649565763
13509,Hatillo De Loba,2024,0.5945477691283554
13510,Magangue,2024,0.562542794743947
13511,Mahates,2024,0.5805357968284898
13512,Margarita,2024,0.35973902379188094
13513,Maria La Baja,2024,0.6023178941788982
13514,Mompos,2024,0.3602424894677643
13515,Montecristo,2024,0.2838656354225359
13516,Morales,2024,0.3181286027794815
13517,Pinillos,2024,0.27919175057673634
13518,Rio Viejo,2024,0.31013165265069387
13519,San Estanislao,2024,0.8441246940827966
13520,San Fernando,2024,0.3284486203658833
13521,San Jacinto,2024,0.5828014376647787
13522,San Juan Nepomuceno,2024,0.5120165531250501
13523,San Martin De Loba,2024,0.4271478177723903
13524,San Pablo,2024,0.2895261258159406
13525,Santa Catalina,2024,1.1459357049051975
13526,Santa Rosa,2024,1.9869509020516012
13527,Santa Rosa Del Sur,2024,0.29838663276003624
13528,Simiti,2024,0.34132576170368206
13529,Soplaviento,2024,0.7392976309027383
13530,Talaigua Nuevo,2024,0.5981140925175816
13531,Tiquisio,2024,0.2753040241279567
13532,Turbaco,2024,4.344275783255244
13533,Turbana,2024,1.2985735630959765
13534,Villanueva,2024,1.000106159407995
13535,Zambrano,2024,0.33821038867597253
13536,Almeida,2024,0.261139678185418
13537,Aquitania,2024,0.3088543196484227
13538,Arcabuco,2024,0.3624434440258174
13539,Belen,2024,0.598849259437478
13540,Berbeo,2024,1.0261017639384555
13541,Beteitiva,2024,0.5682581967389733
13542,Boavita,2024,0.4000384795973647
13543,Boyaca,2024,0.5817407060546808
13544,Brice¥o,2024,0.40637269095964157
13545,Buenavista,2024,0.33631319259413867
13546,Busbanza,2024,0.8989670960772539
13547,Caldas,2024,0.3387209333745154
13548,Campohermoso,2024,0.3182420561636149
13549,Cerinza,2024,0.33325997624135306
13550,Chinavita,2024,0.4043710487679985
13551,Chiquinquira,2024,2.459290241343642
13552,Chiquiza,2024,0.9273895922954403
13553,Chiscas,2024,0.2911561416457949
13554,Chita,2024,0.31407318633428505
13555,Chitaraque,2024,0.37218551855417487
13556,Chivata,2024,1.2952702849411402
13557,Chivor,2024,0.3024464995685254
13558,Cienega,2024,0.4726983431899244
13559,Combita,2024,1.4805000305416578
13560,Coper,2024,0.30969251601707565
13561,Corrales,2024,6.2554716269555275
13562,Covarachia,2024,0.31097965249926385
13563,Cubara,2024,0.30682259963436
13564,Cucaita,2024,3.4255925991334575
13565,Cuitiva,2024,0.45236367651544307
13566,Duitama,2024,3.258347043764361
13567,El Cocuy,2024,0.28523148957622296
13568,El Espino,2024,0.5546662879747798
13569,Firavitoba,2024,0.763189297687258
13570,Floresta,2024,1.939073631373017
13571,Gachantiva,2024,0.6197827211938068
13572,Gameza,2024,0.7773003579030794
13573,Garagoa,2024,0.5829848554537296
13574,Guacamayas,2024,0.4285244132954823
13575,Guateque,2024,0.6049082038252486
13576,Guayata,2024,0.27133117166813336
13577,Guican,2024,0.3077994641839563
13578,Iza,2024,0.8166739915330018
13579,Jenesano,2024,0.6506120035382372
13580,Jerico,2024,0.31156742691206635
13581,La Capilla,2024,0.3472080623440081
13582,La Uvita,2024,0.39225122885783764
13583,La Victoria,2024,0.27994934948520334
13584,Labranzagrande,2024,0.3288886463395583
13585,Macanal,2024,0.4500554723659743
13586,Maripi,2024,0.46668390864456655
13587,Miraflores,2024,0.3008394639666206
13588,Mongua,2024,0.34556882300751685
13589,Mongui,2024,0.4839717834756413
13590,Moniquira,2024,0.9657486523783181
13591,Motavita,2024,0.5717723120064604
13592,Muzo,2024,0.36617794831443895
13593,Nobsa,2024,9.367259717749647
13594,Nuevo Colon,2024,0.83532327595345
13595,Oicata,2024,7.072947811123232
13596,Otanche,2024,0.3155093801257565
13597,Pachavita,2024,0.3892866100132732
13598,Paez,2024,0.3675346677083914
13599,Paipa,2024,1.1581770373097706
13600,Pajarito,2024,0.4040417240581039
13601,Panqueba,2024,0.651554674967195
13602,Pauna,2024,0.34934451782665205
13603,Paya,2024,0.3900410948920872
13604,Paz De Rio,2024,0.5101440698052603
13605,Pesca,2024,0.4066633527016046
13606,Pisva,2024,0.28786964681932664
13607,Puerto Boyaca,2024,0.7558638739560134
13608,Quipama,2024,0.30295769396986494
13609,Ramiriqui,2024,0.4917499802774537
13610,Raquira,2024,0.4907269021089651
13611,Rondon,2024,0.2816106262628463
13612,Saboya,2024,0.41069468572991247
13613,Sachica,2024,0.447854081733964
13614,Samaca,2024,1.5326714101246683
13615,San Eduardo,2024,0.41422434979662187
13616,San Jose De Pare,2024,0.9800461561059451
13617,San Luis De Gaceno,2024,0.44513924269083605
13618,San Mateo,2024,0.47408458697508543
13619,San Miguel De Sema,2024,0.44857706538576764
13620,San Pablo De Borbur,2024,0.42751077519678415
13621,Santa Rosa De Viterbo,2024,1.9661364572015179
13622,Santa Sofia,2024,0.42949533105255194
13623,Santamaria,2024,0.35457917556413543
13624,Santana,2024,0.6808666911398167
13625,Sativanorte,2024,0.4332648232949346
13626,Sativasur,2024,0.33210057989060565
13627,Siachoque,2024,0.5105827627388283
13628,Soata,2024,0.3757321723856776
13629,Socha,2024,0.5008215827372512
13630,Socota,2024,0.3251464428856209
13631,Sogamoso,2024,3.2408517481806713
13632,Somondoco,2024,0.2824029412040016
13633,Sora,2024,0.5625475917976891
13634,Soraca,2024,1.0792325961397655
13635,Sotaquira,2024,0.6022252694646895
13636,Susacon,2024,0.2851747154798597
13637,Sutamarchan,2024,0.7660741601087168
13638,Sutatenza,2024,1.415369079183969
13639,Tasco,2024,0.4886935671949745
13640,Tenza,2024,0.6353450977429672
13641,Tibabosa,2024,1.6104975616096509
13642,Tibana,2024,0.42244834995064323
13643,Tinjaca,2024,0.49140700581594304
13644,Tipacoque,2024,0.3081721564969637
13645,Toca,2024,0.6908626990203277
13646,Togui,2024,0.5172346233228545
13647,Topaga,2024,2.0097216882019646
13648,Tota,2024,0.26931816969978395
13649,Tunja,2024,4.192051110259083
13650,Tunungua,2024,0.31275664572952083
13651,Turmeque,2024,0.4934617411653246
13652,Tuta,2024,1.0470925062008287
13653,Tutasa,2024,0.34133243923868334
13654,Umbita,2024,0.3300368368766005
13655,Ventaquemada,2024,0.7402451332001284
13656,Villa De Leyva,2024,1.6584210420187377
13657,Viracacha,2024,1.3662477546398581
13658,Zetaquira,2024,0.3265964759427917
13660,Aguadas,2024,0.43620720715970457
13661,Anserma,2024,0.8137313118045517
13662,Aranzazu,2024,0.5082662525766756
13663,Belalcazar,2024,0.874228125593962
13664,Chinchina,2024,0.9775471034478195
13665,Filadelfia,2024,0.47039004718149685
13666,La Dorada,2024,0.3856687617372584
13667,La Merced,2024,0.5944318846095721
13668,Manizales,2024,4.739681982532608
13669,Manzanares,2024,0.45203761820966537
13670,Marmato,2024,0.6574478562377627
13671,Marquetalia,2024,0.42369106670114304
13672,Marulanda,2024,0.19764732988962017
13673,Neira,2024,0.5185075606944508
13674,Pacora,2024,0.5669930708733504
13675,Palestina,2024,0.8848066043409508
13676,Pensilvania,2024,0.2909753447707002
13677,Riosucio,2024,0.34902014501549355
13678,Risaralda,2024,0.7226528830325413
13679,Salamina,2024,0.4227910461946072
13680,Samana,2024,0.3309242795968346
13681,Supia,2024,1.354261884606633
13682,Victoria,2024,0.35737204399870787
13683,Villamaria,2024,0.6600534158770587
13684,Viterbo,2024,0.6208234978277636
13685,Albania,2024,0.3293195028000753
13686,Belen De Los Andaquies,2024,0.27351852442208296
13687,Cartagena Del Chaira,2024,0.2940713239216932
13688,Curillo,2024,0.2913204260574171
13689,El Doncello,2024,0.324476926104151
13690,El Paujil,2024,0.3572066990291501
13691,Florencia,2024,0.5256292904800502
13692,La Montanita,2024,0.33782191839030196
13693,Milan,2024,0.29588460677953343
13694,Morelia,2024,0.31905161806943855
13695,Puerto Rico,2024,0.30291409566298416
13696,San Jose De Fragua,2024,0.25237881466326784
13697,San Vicente Del Caguan,2024,0.2913633428374752
13699,Valparaiso,2024,0.3052651243933863
13700,Aguazul,2024,4.504665824554263
13701,Chameza,2024,0.34363339219387906
13702,Hato Corozal,2024,0.3029964756015348
13703,La Salina,2024,0.2678993054437292
13704,Mani,2024,0.3612515545150231
13705,Monterrey,2024,0.5769620457735098
13706,Nunchia,2024,0.3897871048633749
13707,Orocue,2024,0.364316120623674
13708,Paz De Ariporo,2024,0.2934763108450782
13709,Pore,2024,0.4484379264107361
13710,Recetor,2024,0.3878171554557491
13711,Sabanalarga,2024,0.6022899435901574
13712,Sacama,2024,0.25948177277099027
13713,San Luis De Palenque,2024,0.3110148900370036
13714,Tamara,2024,0.2898609918272334
13715,Tauramena,2024,0.5722569617590237
13716,Trinidad,2024,0.32645794620530627
13717,Villanueva,2024,1.1734757694160838
13718,Yopal,2024,1.065713006151586
13719,Almaguer,2024,0.31548584052018425
13720,Argelia,2024,0.3179351444298673
13721,Balboa,2024,0.29711947159277347
13722,Bolivar,2024,0.335438254275621
13723,Buenos Aires,2024,0.4528844311822943
13724,Cajibio,2024,0.4055483502229767
13725,Caldono,2024,0.4617475126399578
13726,Caloto,2024,1.6296067702684667
13727,Corinto,2024,0.9364899634930295
13728,El Tambo,2024,0.3126324138890662
13729,Florencia,2024,0.5126869677685639
13730,Gorgona (is.),2024,0.12308002933537521
13731,Guapi,2024,0.24031569625763732
13732,Guapi (is.),2024,0.11784821447640327
13733,Inza,2024,0.3268371891650634
13734,Jambalo,2024,0.3757599074153479
13735,La Sierra,2024,0.34449894038701273
13736,La Vega,2024,0.30165088024662956
13737,Lopez De Micay,2024,0.2381366882494501
13738,Mercaderes,2024,0.34079096860705327
13739,Miranda,2024,0.9122261482272952
13740,Morales,2024,0.32264268755761455
13741,Padilla,2024,1.1402464176888683
13742,Paez,2024,0.3167365208635841
13743,Patia (el Bordo),2024,0.3569111947417084
13744,Piendamo,2024,0.6830612190805602
13745,Popayan,2024,3.4457081414881165
13746,Puerto Tejada,2024,3.5447202742225854
13747,Purace,2024,0.2714463338987878
13748,Rosas,2024,0.3251574269154501
13749,San Sebastian,2024,0.23988980724866454
13750,Santa Rosa,2024,0.23565051725531935
13751,Santander De Quilichao,2024,1.303687087451904
13752,Silvia,2024,0.46258400775860137
13753,Sotara,2024,0.4997113355645709
13754,Suarez,2024,0.30237093898924516
13755,Timbio,2024,0.5211905773387022
13756,Timbiqui,2024,0.2422741623312933
13757,Timbiqui (is.),2024,0.12955900406436888
13758,Toribio,2024,1.6606668860247686
13759,Aguachica,2024,1.0099918249276296
13760,Agustin Codazzi,2024,0.6040543255701191
13761,Astrea,2024,0.49071514158288687
13762,Becerril,2024,0.674227151595778
13763,Bosconia,2024,0.7941939233974629
13764,Chimichagua,2024,0.34884541851184586
13765,Chiriguana,2024,0.49887949066361914
13766,Curumani,2024,0.5268267999447598
13767,El Copey,2024,0.531068234297288
13768,El Paso,2024,0.8803479920058428
13769,Gamarra,2024,0.5379037547887118
13770,Gonzalez,2024,0.42323482787489386
13771,La Gloria,2024,0.4615622647572495
13772,La Jagua De Iribico,2024,1.2751805762401816
13773,La Paz,2024,0.6926993500164379
13774,Manaure Balcon Del Cesar,2024,0.6963786054997952
13775,Pailitas,2024,0.5387430889948912
13776,Pelaya,2024,0.42563186604309505
13777,Rio De Oro,2024,0.4898784771415025
13778,San Alberto,2024,0.4082378764805605
13779,San Diego,2024,0.6630877973125959
13780,San Martin,2024,0.6521339684240808
13781,Tamalameque,2024,0.47071734320188413
13782,Valledupar,2024,0.9298194244014593
13783,Acandi,2024,0.26983187237583184
13784,Alto Baudo (pie De Pato),2024,0.2502256676853256
13785,Bagado,2024,0.24003704555282937
13786,Bahia Solano (ciudad Muti,2024,0.17742573848939636
13788,Bajo Baudo (is.),2024,0.15744877605558444
13789,Bajo Baudo (pizarro),2024,0.2180987937589206
13790,Bojaya (bella Vista),2024,0.238079073712149
13791,Canton De San Pablo,2024,0.2798080538864391
13792,Condoto,2024,0.27085446320114626
13793,El Carmen,2024,0.18222367870932205
13794,Istmina,2024,0.28290504781668274
13795,Jurado,2024,0.20354910233892184
13796,Jurado (is.),2024,0.5466777415321661
13797,Litoral Del San Juan,2024,0.2789386542207682
13798,Litoral Del San Juan (is.,2024,0.17900931453641802
13799,Lloro,2024,0.1952369757765482
13800,Novita,2024,0.2316402549013663
13801,Nuqui,2024,0.17977446892418367
13802,Quibdo,2024,0.25118846521993227
13803,Riosucio,2024,0.228245429012727
13804,San Jose Del Palmar,2024,0.2534080721235914
13805,Sipi,2024,0.26544159199141376
13806,Tado,2024,0.3346722773065076
13807,Unguia,2024,0.24162230987966596
13808,Ayapel,2024,0.35842578990519697
13809,Buenavista,2024,0.38908743451791217
13810,Canalete,2024,0.3680113753732491
13811,Cerete,2024,2.5555747286551616
13812,Chima,2024,0.508364348203699
13813,Chinu,2024,0.7406666180546974
13814,Cienaga De Oro,2024,0.7569509637595876
13815,Lorica,2024,0.6725749609648655
13816,Los Cordobas,2024,0.46785935463755446
13817,Momil,2024,0.5792505882036626
13818,Monitos (is.),2024,0.5730477532824164
13819,Montelibano,2024,0.5044934152122748
13820,Monteria,2024,1.1037533675510975
13821,Mo¥itos,2024,0.44959747008566975
13822,Planeta Rica,2024,0.5485650130704509
13823,Pueblo Nuevo,2024,0.42137666482113895
13824,Puerto Escondido,2024,0.4056223318576701
13825,Puerto Libertador,2024,0.33983004210090373
13826,Purisima,2024,1.066933516976707
13827,Sahagun,2024,0.8575422522808971
13828,San Andres De Sotavento,2024,1.1944038135943789
13829,San Antero,2024,1.066818529467576
13830,San Bernardo El Viento,2024,0.49899563468705477
13831,San Bernardo El Viento (i,2024,0.2720097363319086
13832,San Carlos,2024,0.7158386802294421
13833,San Pelayo,2024,0.6884764066399444
13834,Tierralta,2024,0.29610346772608415
13835,Valencia,2024,0.37626251084447526
13836,Agua De Dios,2024,1.1756437104856092
13837,Alban,2024,0.9023385878301811
13838,Anapoima,2024,1.2488886601756708
13839,Anolaima,2024,0.7656388673175428
13840,Apulo (rafael Reyes),2024,0.8840398742507303
13841,Arbelaez,2024,0.6346297442080354
13842,Beltran,2024,0.5054243865759976
13843,Bituima,2024,0.5606980554160159
13844,Bojaca,2024,1.2878343812329291
13845,Cabrera,2024,0.28001060584123283
13846,Cachipay,2024,0.9105678633449185
13847,Cajica,2024,12.46917050339238
13848,Caparrapi,2024,0.4036110991561239
13849,Caqueza,2024,1.1603638583212847
13850,Carmen De Carupa,2024,0.3056302135460879
13851,Chaguani,2024,0.39748550690676515
13852,Chia,2024,16.277854950147663
13853,Chipaque,2024,2.128811630653823
13854,Choachi,2024,0.8369040464726007
13855,Choconta,2024,0.7184727076050434
13856,Cogua,2024,3.3089067151345346
13857,Cota,2024,13.134008486274562
13858,Cucunuba,2024,1.9592872707966364
13859,El Colegio,2024,1.635287306168512
13860,El Pe¥on,2024,0.40153034368970536
13861,Facatativa,2024,3.0474071678545664
13862,Fomeque,2024,0.48976322730435745
13863,Fosca,2024,0.4225323296480969
13864,Funza,2024,19.033752190267666
13865,Fuquene,2024,0.8587191699843871
13866,Fusagasuga,2024,3.031971575488931
13867,Gachala,2024,0.30106792559856754
13868,Gachancipa,2024,7.820348648156002
13869,Gacheta,2024,0.3433985692601592
13870,Gama,2024,0.2728653419469952
13871,Girardot,2024,6.306556217309872
13872,Guacheta,2024,1.7813202762887723
13873,Guaduas,2024,0.6393801628919186
13874,Guasca,2024,0.9653556951741112
13875,Guataqui,2024,0.7005347710905631
13876,Guatavita,2024,1.0057612266504328
13877,Guayabal De Siquima,2024,0.5048384221611723
13878,Guayabetal,2024,0.43477914615678886
13879,Gutierrez,2024,0.27617092375200847
13880,Jerusalen,2024,0.4057555747534859
13881,Junin,2024,0.3266464055167495
13882,La Calera,2024,2.9814934919095633
13883,La Mesa,2024,2.1407465021086813
13884,La Palma,2024,0.47073335199365923
13885,La Pe¥a,2024,0.44343794702403133
13886,La Vega,2024,0.8063717166274955
13887,Lenguazaque,2024,1.1605176944911175
13888,Macheta,2024,0.3802465281515729
13889,Madrid,2024,7.464724777381038
13890,Manta,2024,0.2613043427881559
13891,Medina,2024,0.3899149095811515
13892,Mosquera,2024,3.2500055136470962
13893,Nari¥o,2024,0.8679060134372782
13894,Nemocon,2024,2.309163244398294
13895,Nilo,2024,1.226259184973415
13896,Nimaima,2024,0.5918412979202999
13897,Nocaima,2024,0.7814262096876949
13898,Pacho,2024,0.5769948177636066
13899,Paime,2024,0.32845711712996445
13900,Pandi,2024,0.7835177253972986
13901,Paratebueno,2024,0.3738354080283693
13902,Pasca,2024,0.5897494304154773
13903,Puerto Salgar,2024,0.8876355682289653
13904,Puli,2024,0.3495401668983763
13905,Quebradanegra,2024,0.5341724333550824
13906,Quetame,2024,0.59028506393211
13907,Quipile,2024,0.4340563871760368
13908,Ricaurte,2024,5.175699287430108
13909,San Antonio Del Tequendam,2024,1.4846494695835575
13910,San Bernardo,2024,0.33843077754234013
13911,San Cayetano,2024,0.31146254175748206
13912,San Francisco,2024,1.0000927888921902
13913,San Juan De Rio Seco,2024,0.4048632754656238
13914,Santafe De Bogota D.c.,2024,15.165531889873321
13915,Sasaima,2024,0.9602394227320228
13916,Sesquile,2024,1.8660082205355215
13917,Sibate,2024,1.485412465330489
13918,Silvania,2024,1.5796257375852303
13919,Simijaca,2024,0.6910162463456045
13920,Soacha,2024,5.351908381877292
13921,Sopo,2024,5.2615201060798436
13922,Subachoque,2024,1.404932832102029
13923,Suesca,2024,1.180302284519097
13924,Supata,2024,0.49433847547863763
13925,Susa,2024,0.5899075289668911
13926,Sutatausa,2024,1.1798878844141132
13927,Tabio,2024,3.132317186090664
13928,Tausa,2024,0.4609934746529625
13929,Tena,2024,1.347656747150447
13930,Tenjo,2024,5.875020268591854
13931,Tibacuy,2024,0.7573344860727933
13932,Tibirita,2024,0.4725549451663147
13933,Tocaima,2024,0.9309814394082649
13934,Tocancipa,2024,10.79779247988002
13935,Topaipi,2024,0.36146972728473586
13936,Ubala,2024,0.31822551894076423
13937,Ubaque,2024,0.8922165111704927
13938,Ubate,2024,1.86442754945449
13939,Une,2024,0.4112654778585091
13940,Utica,2024,0.5012788074184692
13941,Venecia (ospina Perez),2024,0.3241691512748303
13942,Vergara,2024,0.4572258366078476
13943,Viani,2024,0.40330236241550654
13944,Villagomez,2024,0.435205085774002
13945,Villapinzon,2024,0.9199476961479323
13946,Villeta,2024,1.1701088316159496
13947,Viota,2024,0.7725604934868038
13948,Yacopi,2024,0.30852694363089594
13949,Zipacon,2024,1.2997415606129379
13950,Zipaquira,2024,3.433036022008947
13951,Barranco Minas,2024,0.26559470882554836
13952,Cacahual,2024,0.247708690094864
13953,Inirida,2024,0.2692267627706643
13954,La Guadalupe,2024,0.2582662462846762
13955,Pana Pana,2024,0.27814971225394425
13956,Puerto Colombia,2024,0.27693801712841287
13957,San Felipe,2024,0.2810625977533194
13958,Barrancas,2024,1.7065574194815412
13959,El Molino,2024,0.3639623863684211
13960,Fonseca,2024,0.7094162469756153
13961,Hato Nuevo,2024,2.581588196364993
13962,Maicao,2024,1.2416037835683775
13963,Manaure,2024,0.7150707887267599
13964,Riohacha,2024,0.5017349578530798
13965,San Juan Del Cesar,2024,0.6539214578603045
13966,Uribia,2024,0.3895110479882547
13967,Urumita,2024,0.9237766404681422
13968,Villanueva,2024,0.9847161536981782
13969,Calamar,2024,0.2758818898220492
13970,El Retorno,2024,0.2672140456256909
13971,Miraflores,2024,0.25111869495983
13972,San Jose Del Guaviare,2024,0.2791600540912581
13973,Acevedo,2024,0.3910385107818097
13974,Agrado,2024,0.5193868035031977
13975,Aipe,2024,0.4363405369826416
13976,Algeciras,2024,0.3224297627681259
13977,Altamira,2024,0.5698190102016534
13978,Baraya,2024,0.339957622176602
13979,Campo Alegre,2024,0.9383557811417031
13980,Colombia,2024,0.27295409826642314
13981,Elias,2024,0.5695835946075547
13982,Garzon,2024,0.8972281113625817
13983,Gigante,2024,0.6607602710320551
13984,Guadalupe,2024,0.49058834089602116
13985,Hobo,2024,0.4871121765080615
13986,Iquira,2024,0.29684783762943656
13987,Isnos,2024,0.4207782381493058
13988,La Argentina,2024,0.250613083578972
13989,La Plata,2024,0.4030002104698251
13990,Nataga,2024,0.32666677023318513
13991,Neiva,2024,1.7475790573170569
13992,Oporapa,2024,0.45063196757123913
13993,Paicol,2024,0.4539898985458101
13994,Palermo,2024,0.6317361529079937
13995,Palestina,2024,0.2548521049399774
13996,Pital,2024,0.3807905779896769
13997,Pitalito,2024,0.9205099140584716
13998,Rivera,2024,0.8578144025022134
13999,Salado Blanco,2024,0.2755310658651445
14000,San Agustin,2024,0.21660281633171352
14001,Santa Maria,2024,0.25437186154040914
14002,Suaza,2024,0.4548204916082546
14003,Tarqui,2024,0.4612046410864342
14004,Tello,2024,0.5138315596693273
14005,Teruel,2024,0.28800126474262716
14006,Tesalia,2024,0.5058133849836839
14007,Timana,2024,0.8440566693590019
14008,Villa Vieja,2024,0.5474844874838137
14009,Yaguara,2024,0.7385301455762516
14010,Aracataca,2024,0.5388566870360699
14011,Ariguani,2024,0.43802062583760465
14012,Cerro San Antonio,2024,0.812450736329287
14013,Chivolo,2024,0.37642267700001997
14014,Cienaga,2024,0.8577047502815165
14015,El Banco,2024,0.6077654337955114
14016,El Pi¥on,2024,0.45332255860241005
14017,Fundacion,2024,0.41543449143820255
14018,Guamal,2024,0.526478718009743
14019,Pedraza,2024,0.42721133561157887
14020,Pivijay,2024,0.4407812604012948
14021,Plato,2024,0.46694888588453337
14022,Pueblo Viejo,2024,0.37433055472585436
14023,Remolino,2024,0.5422189705981474
14024,Salamina,2024,0.6269423565132509
14025,San Sebastian De Buenavis,2024,0.5186324889355263
14026,San Zenon,2024,0.8694177215740067
14027,Santa Ana,2024,0.4225238665467909
14028,Santa Marta (dist. Esp.),2024,1.7223671257936308
14029,Santa Marta (dist. Esp.)(,2024,0.4963556512808189
14030,Tenerife,2024,0.7843465619147368
14031,Acacias,2024,2.370694769558329
14032,Barranca De Upia,2024,0.5938902827043158
14033,Cabuyaro,2024,0.5579348567054457
14034,Castilla La Nueva,2024,2.1516941049314755
14035,Cubarral,2024,0.2899172690306328
14036,Cumaral,2024,0.6570850132705672
14037,El Calvario,2024,0.31104911748336617
14038,El Castillo,2024,0.4059772318914349
14039,El Dorado,2024,0.4291588157295131
14040,Fuente De Oro,2024,0.38338460617843667
14041,Granada,2024,2.152389403499729
14042,Guamal,2024,0.6653471120887636
14043,La Macarena,2024,0.30711967426055814
14044,La Uribe,2024,0.25804541720437096
14045,Lejanias,2024,0.37377483397061984
14046,Mapiripan,2024,0.27212603666036916
14047,Mesetas,2024,0.28938731027092257
14048,Puerto Concordia,2024,0.32430023339518105
14049,Puerto Gaitan,2024,0.4089021412130761
14050,Puerto Lleras,2024,0.3126151837464252
14051,Puerto Lopez,2024,0.3597205914089444
14052,Puerto Rico,2024,0.2891802108509754
14053,Restrepo,2024,1.4639836095670737
14054,San Carlos De Guaroa,2024,0.42594649028135567
14055,San Juan De Arama,2024,0.3193069030351101
14056,San Juanito,2024,0.34547994639338475
14057,San Martin,2024,0.3573017574550103
14058,Villavicencio,2024,2.0283943431364078
14059,Vistahermosa,2024,0.30406466676822064
14060,Alban,2024,0.4575339996187482
14061,Aldana,2024,0.7109988869012379
14062,Ancuya,2024,0.32273321188915133
14063,Arboleda,2024,0.3907425295695311
14064,Barbacoas,2024,0.2698511606935565
14065,Belen,2024,0.350650428692286
14066,Buesaco,2024,0.5638580807271927
14067,Chachagui,2024,0.6349665148847317
14068,Colon,2024,0.41011395566863695
14069,Consaca,2024,0.5106109381796032
14070,Contadero,2024,0.7281775400873188
14071,Cordoba,2024,0.36251529419541123
14072,Cuaspud,2024,0.5400496157171314
14073,Cumbal,2024,0.3192468770821407
14074,Cumbitara,2024,0.2739252013356322
14075,El Charco,2024,0.2775685171999709
14076,El Charco (is.),2024,0.13566493342170238
14077,El Rosario,2024,0.314281968216649
14078,El Tablon,2024,0.27830409003516604
14079,El Tambo,2024,0.36992179875229186
14080,Francisco Pizarro,2024,0.14203493001749637
14081,Funes,2024,0.4023614265266649
14082,Guachucal,2024,0.3000172362327258
14083,Guaitarilla,2024,0.32332737604443984
14084,Gualmatan,2024,0.33729466858070856
14085,Iles,2024,0.4324179520799932
14086,Imues,2024,0.6832526961989259
14087,Ipiales,2024,0.5058752901876311
14088,La Cruz,2024,0.38936535862567195
14089,La Florida,2024,0.4286058707487072
14090,La Llanada,2024,0.33690953259324363
14091,La Tola,2024,0.26953197353884584
14092,La Union,2024,0.592023952984852
14093,Leiva,2024,0.28314484958030045
14094,Linares,2024,0.4634721055938526
14095,Los Andes,2024,0.2732196896532733
14096,Magui,2024,0.27954806664960596
14097,Mallama,2024,0.31198133760155744
14098,Mosquera,2024,0.18583490859755647
14099,Mosquera (is.),2024,0.18386286603385177
14100,Olaya Herrera,2024,0.2682180612094832
14101,Ospina,2024,1.5909200236753729
14102,Pasto,2024,1.367287980378162
14103,Policarpa,2024,0.3324761157157501
14104,Potosi,2024,0.399342929780591
14105,Providencia,2024,0.35732149815763425
14106,Puerres,2024,0.32609731836512756
14107,Pupiales,2024,0.5692501951161628
14108,Ricaurte,2024,0.2945248622561457
14109,Roberto Payan,2024,0.21976327901550682
14110,Samaniego,2024,0.36310580076343124
14111,San Bernardo,2024,0.3286697086309399
14112,San Lorenzo,2024,0.4127492353401685
14113,San Pablo,2024,0.5996231735613168
14114,San Pedro De Cartago,2024,0.47550502314598764
14115,Sandona,2024,0.6650012164543695
14116,Santa Barbara,2024,0.2640553058777034
14117,Santa Cruz,2024,0.3146153543841951
14118,Sapuyes,2024,0.4241504251824022
14119,Taminango,2024,0.36852867347411195
14120,Tangua,2024,0.6229742168679913
14121,Tumaco,2024,0.2378067194058874
14122,Tumaco (is.),2024,3.463002731383776
14123,Tuquerres,2024,0.4017776917674432
14124,Yacuanquer,2024,0.44327842876124124
14125,Abrego,2024,0.3017165592168192
14126,Arboledas,2024,0.2913854820988662
14127,Bochalema,2024,0.3976555118225743
14128,Bucarasica,2024,0.26105989715686834
14129,Cachira,2024,0.3447726306904409
14130,Cacota,2024,0.35277522127283006
14131,Chinacota,2024,1.0493668494692026
14132,Chitaga,2024,0.2924699266427301
14133,Convencion,2024,0.29235428712319544
14134,Cucuta,2024,2.7680656510632926
14135,Cucutilla,2024,0.2953378463516215
14136,Durania,2024,0.43607998397145875
14137,El Carmen,2024,0.2736014918523359
14138,El Tarra,2024,0.3539990328675202
14139,El Zulia,2024,0.6002800862330568
14140,Gramalote,2024,0.4294257466205721
14141,Hacari,2024,0.2965415184302013
14142,Herran,2024,0.44238230967435954
14143,La Esperanza,2024,0.48373649957973136
14144,La Playa,2024,0.35642465358548564
14145,Labateca,2024,0.26813323061750455
14146,Los Patios,2024,1.681954219401815
14147,Lourdes,2024,0.34263701272987734
14148,Mutiscua,2024,0.3468079669719702
14149,Oca¥a,2024,1.4801117163186714
14150,Pamplona,2024,0.7309620290897808
14151,Pamplonita,2024,0.5082361053975338
14152,Puerto Santander,2024,0.5351806222043253
14153,Ragonvalia,2024,0.47254805830808955
14154,Salazar,2024,0.30336179831414206
14155,San Calixto,2024,0.3058841158833154
14156,San Cayetano,2024,0.9672683764458418
14157,Santiago,2024,0.5755313491652464
14158,Sardinata,2024,0.3703366477228162
14159,Silos,2024,0.37109087993482476
14160,Teorama,2024,0.3039835876977407
14161,Tibu,2024,0.4023959859575783
14162,Toledo,2024,0.3030432422035484
14163,Villa Caro,2024,0.2624231364915981
14164,Villa Del Rosario,2024,5.321612406146931
14165,Colon,2024,0.3468312451028551
14166,Mocoa,2024,0.4986476147954478
14167,Orito,2024,0.4294787056422321
14168,Puerto Asis,2024,0.38821345948685454
14169,Puerto Caicedo,2024,0.2916077877588154
14170,Puerto Guzman,2024,0.2806130388068743
14172,San Francisco,2024,0.291080962677256
14173,Santiago,2024,0.1922586408374383
14174,Sibundoy,2024,0.5380575371181852
14175,Valle Del Guamuez (la Hor,2024,0.3646835250713075
14176,Villagarzon,2024,0.32814290943330915
14177,Armenia,2024,8.337580511005667
14178,Buenavista,2024,0.4786498991611175
14179,Calarca,2024,2.082994025530171
14180,Circasia,2024,1.8517965474092613
14181,Cordoba,2024,0.48115275252241074
14182,Filandia,2024,1.2437601756313046
14183,Genova,2024,0.43680794275504226
14184,La Tebaida,2024,1.7640731564412506
14185,Montenegro,2024,0.8803297814606559
14186,Pijao,2024,0.6928835041689566
14187,Quimbaya,2024,0.5720996042650063
14188,Salento,2024,1.1887547081947403
14189,Apia,2024,0.31928175966241373
14190,Balboa,2024,0.4328093599822235
14191,Belen De Umbria,2024,0.6144892936363451
14192,Dos Quebradas,2024,13.8779028117451
14193,Guatica,2024,0.5373525779783066
14194,La Celia,2024,0.2514158080119798
14195,La Virginia,2024,4.290973516051962
14196,Marsella,2024,0.7099539749537841
14197,Mistrato,2024,0.2892781155017461
14198,Pereira,2024,3.36538632817543
14199,Pueblo Rico,2024,0.26743897196532385
14200,Quinchia,2024,0.6770900974104637
14201,Santa Rosa De Cabal,2024,1.3582748306360026
14202,Santuario,2024,0.39607188311923147
14203,San Andres Y Providencia,2024,13.171830182518878
14204,Santa Catalina,2024,1.721476330066139
14205,Santa Catarina,2024,2.16832692121801
14206,Aguada,2024,0.29780086420208784
14207,Albania,2024,0.29204294826647703
14208,Aratoca,2024,0.5519668398843038
14209,Barbosa,2024,1.069191982206346
14210,Barichara,2024,0.5736975346140044
14211,Barrancabermeja,2024,2.2714594392975433
14212,Betulia,2024,0.39749447668418925
14213,Bolivar,2024,0.34288957974633627
14214,Bucaramanga,2024,15.454214867409748
14215,Cabrera,2024,0.39288582334477273
14216,California,2024,0.46165152124358344
14217,Capitanejo,2024,0.4212607953846865
14218,Carcasi,2024,0.30323148872297695
14219,Cepita,2024,0.3757387670624266
14220,Cerrito,2024,0.331360830750416
14221,Charala,2024,0.3526733777186512
14222,Charta,2024,0.5333827474998154
14223,Chima,2024,0.29251151817386656
14224,Chipata,2024,0.42988203414012655
14225,Cimitarra,2024,0.3757985804447532
14226,Concepcion,2024,0.4037882469550983
14227,Confines,2024,0.36173497574128305
14228,Contratacion,2024,0.4072875775809053
14229,Coromoro,2024,0.271607342225987
14230,Curiti,2024,0.626798771148054
14231,El Carmen,2024,0.32856509941717904
14232,El Guacamayo,2024,0.28558658172789797
14233,El Pe¥on,2024,0.25705988820729686
14234,El Playon,2024,0.3709603866652096
14235,Encino,2024,0.284537122966087
14236,Enciso,2024,1.1628200449410855
14237,Florian,2024,0.32852102082109946
14238,Floridablanca,2024,9.255069416625854
14239,Galan,2024,0.2564514468275468
14240,Gambita,2024,0.3554605168046763
14241,Giron,2024,1.0999950850167086
14242,Guaca,2024,0.36179286275919775
14243,Guadalupe,2024,0.37855491258752477
14244,Guapota,2024,0.40955041174765855
14245,Guavata,2024,0.4142792930199161
14246,Guepsa,2024,0.9231085762349532
14247,Hato,2024,0.2632144738015031
14248,Jesus Maria,2024,0.28043935009620113
14249,Jordan,2024,0.39817693356877354
14250,La Belleza,2024,0.28615537893204857
14251,La Paz,2024,0.3041728330855102
14252,Landazuri,2024,0.28968913534542995
14253,Lebrija,2024,0.6715354741499363
14254,Los Santos,2024,0.8656369170247717
14255,Macaravita,2024,0.3178921978009648
14256,Malaga,2024,0.5403815447989793
14257,Matanza,2024,0.4413273348174612
14258,Mogotes,2024,0.35206860917035826
14259,Molagavita,2024,0.3277329249057931
14260,Ocamonte,2024,0.3504320720854906
14261,Oiba,2024,0.43226405384819433
14262,Onzaga,2024,0.2624141873773322
14263,Palmar,2024,0.3432411154780814
14264,Palmas Del Socorro,2024,0.4005603078855034
14265,Paramo,2024,0.43224005357767264
14266,Piedecuesta,2024,2.2571294273171785
14267,Pinchote,2024,0.8637980852556961
14268,Puente Nacional,2024,0.48793989598678683
14269,Puerto Parra,2024,0.2896668639193876
14270,Puerto Wilches,2024,0.5483234157807031
14271,Rionegro,2024,0.4557510710028153
14272,Sabana De Torres,2024,0.6087726462190233
14273,San Andres,2024,0.3834646281643539
14274,San Benito,2024,0.3976075779451769
14275,San Gil,2024,1.9231799949471684
14276,San Joaquin,2024,0.2898509844442858
14277,San Jose Miranda,2024,0.30674163231403273
14278,San Miguel,2024,0.3717176562070793
14279,San Vicente De Chucuri,2024,0.4629652681938357
14280,Santa Barbara,2024,0.49940315796871854
14281,Santa Helena De Opon,2024,0.25795692925409547
14282,Simacota,2024,0.3003574015447682
14283,Socorro,2024,1.2205438356953369
14284,Suaita,2024,0.39066388808049324
14285,Sucre,2024,0.25052272142503135
14286,Surata,2024,0.3016439584869941
14287,Tona,2024,0.5384030868380983
14288,Valle De  San Jose,2024,0.5109375628583283
14289,Velez,2024,0.4344386365537688
14290,Vetas,2024,0.46191395411610503
14291,Villanueva,2024,0.7783848372108833
14292,Zapatoca,2024,0.4232910251191372
14293,Buenavista,2024,0.6815748316908611
14294,Caimito,2024,0.3578406431178343
14295,Chalan,2024,0.48223979219038415
14296,Coloso (ricaurte),2024,0.64306660266548
14297,Corozal,2024,0.8621881674382197
14298,Galeras,2024,0.4600342342739099
14299,Guaranda,2024,0.3180795786625221
14300,La Union,2024,0.6183881485869136
14301,Los Palmitos,2024,0.6510526772992417
14302,Majagual,2024,0.3735360996777059
14303,Morroa,2024,1.602531029972137
14304,Ovejas,2024,0.510812899671169
14305,Palmito,2024,0.6860459522152708
14306,Sampues,2024,1.29955720927446
14307,San Benito Abad,2024,0.30675315550088106
14308,San Juan De Betulia,2024,0.7003009598923711
14309,San Marcos,2024,0.5024887678988689
14310,San Onofre,2024,0.40090895801584
14311,San Onofre (is.),2024,0.5010228595868289
14312,San Pedro,2024,0.8170321534733967
14313,Since,2024,0.5407113897812417
14314,Sincelejo,2024,4.396921016865727
14315,Sucre,2024,0.31242006430129965
14316,Tolu,2024,1.5099329786282925
14317,Toluviejo,2024,0.8731765071105719
14318,Alpujarra,2024,0.3260819896584287
14319,Alvarado,2024,0.650755437789065
14320,Ambalema,2024,0.45544795116374026
14321,Anzoategui,2024,0.6305577271087817
14322,Armero (guayabal),2024,0.46921108018893165
14323,Ataco,2024,0.33583151840665454
14324,Cajamarca,2024,0.34924684739237183
14325,Carmen De Apicala,2024,0.770277237153285
14326,Casabianca,2024,0.3819296416530369
14327,Chaparral,2024,0.3453044829676699
14328,Coello,2024,0.8106639510396831
14329,Coyaima,2024,0.4615172796819514
14330,Cunday,2024,0.4266397187832885
14331,Dolores,2024,0.3547630344758722
14332,Espinal,2024,2.0216768960425946
14333,Falan,2024,0.4177752607182904
14334,Flandes,2024,2.351273115051578
14335,Fresno,2024,0.745982741609903
14336,Guamo,2024,0.9680621580199337
14337,Herveo,2024,0.2747278376909059
14338,Honda,2024,0.41422455669526875
14339,Ibague,2024,2.2600589684956764
14340,Icononzo,2024,1.1579587327971705
14341,Lerida,2024,0.7092041711209401
14342,Libano,2024,0.538019677478083
14343,Mariquita,2024,0.9036776094479533
14344,Melgar,2024,3.2290094512705387
14345,Murillo,2024,0.25601352307011777
14346,Natagaima,2024,0.38308847659156253
14347,Ortega,2024,0.44763289628312625
14348,Piedras,2024,0.569423877509626
14349,Planadas,2024,0.265578736745463
14350,Prado,2024,0.44410339297555224
14351,Purificacion,2024,0.816923656377104
14352,Rioblanco,2024,0.21394265980052785
14353,Roncesvalles,2024,0.19203473395919968
14354,Rovira,2024,0.3379469061441354
14355,Salda¥a,2024,0.6903855209784984
14356,San Antonio,2024,0.34291820013643054
14357,San Luis,2024,0.5175587000348854
14358,Santa Isabel,2024,0.3220592485178633
14359,Suarez,2024,0.715008979318117
14360,Valle De San Juan,2024,0.4358541559897352
14361,Venadillo,2024,0.5875642569592365
14362,Villa Hermosa,2024,0.2729118308392948
14363,Villarrica,2024,0.35848361993672373
14364,Alcala,2024,0.8283008849689433
14365,Andalucia,2024,1.5930119049345228
14366,Ansermanuevo,2024,0.42506299135152564
14367,Argelia,2024,0.359221757083769
14368,Bolivar,2024,0.343751441302426
14369,Buenaventura,2024,0.32035212288260234
14370,Buenaventura (is.),2024,0.18731020706368243
14371,Buga,2024,0.9821500713130628
14372,Bugalagrande,2024,1.1069129950437369
14373,Caicedonia,2024,0.719153255201563
14374,Cali,2024,11.447209379261315
14375,Calima  (darien),2024,0.3410533233720943
14376,Candelaria,2024,7.916332444644777
14377,Cartago,2024,1.6856050080970535
14378,Dagua,2024,0.5418285300684333
14379,El Aguila,2024,0.29119720087757395
14380,El Cairo,2024,0.25742216700230086
14381,El Cerrito,2024,1.0996741754785702
14382,El Dovio,2024,0.3669470021887942
14383,Florida,2024,1.1431435939586876
14384,Ginebra,2024,1.2016081529338583
14385,Guacari,2024,1.2214871247648447
14386,Jamundi,2024,1.5330038008492204
14387,La Cumbre,2024,1.0142994143579107
14388,La Union,2024,1.2457150619282324
14389,La Victoria,2024,0.6647947581862165
14390,Name Unknown,2024,0.22011313776020505
14391,Obando,2024,0.6658654441439938
14392,Palmira,2024,5.181642808783392
14393,Pradera,2024,1.2170548461883235
14394,Restrepo,2024,0.7333758463345909
14395,Riofrio,2024,0.41291700750693033
14396,Roldanillo,2024,0.588456409726296
14397,San Pedro,2024,1.059199610396011
14398,Sevilla,2024,0.4469433213327172
14399,Toro,2024,0.5345855380933734
14400,Trujillo,2024,0.4816921113140276
14401,Tulua,2024,1.8800759944216556
14402,Ulloa,2024,0.9228562039331304
14403,Versalles,2024,0.2925862041149328
14404,Vijes,2024,1.0181940928590787
14405,Yotoco,2024,0.7273404501835591
14406,Yumbo,2024,4.975342937922903
14407,Zarzal,2024,1.3313810611933936
14408,Caruru,2024,0.2382163603330573
14409,Mitu,2024,0.25013976324675397
14411,Papunahua,2024,0.2526903079191717
14413,Yavarate,2024,0.2782666449075988
14414,Cumaribo,2024,0.28548531492994206
14415,La Primavera,2024,0.28379419523239824
14416,Puerto Carreno,2024,0.31435763272851464
14417,San Jose De Ocune,2024,0.2626352899902219
14418,Santa Rita,2024,0.254066457720797
14419,Santa Rosalia,2024,0.2829600707761326
13659,Isla,2024,0.2505043259495265
13333,El Encanto,2024,0.26801330155045977
13334,La Chorrera,2024,0.2750363622583488
13335,La Pedrera,2024,0.27723544358331176
13336,Leticia,2024,0.2336859949833747
13337,Miriti Parana,2024,0.2753795143783959
13338,Puerto Narino,2024,0.21314294412753104
13339,Puerto Santander,2024,0.277121456764569
13340,Tarapaca,2024,0.2683669843683617
13698,Solano,2024,0.27518481116131277
14171,Puerto Leguizamo,2024,0.2765838209321877
14410,Pacoa,2024,0.2744005188295751
14412,Taraira,2024,0.2770214921342409
