ADM1_NAME,ADM2_NAME,periodo,mean
Antioquia,Abejorral,2018,0.29849337080693866
Antioquia,Abriaqui,2018,0.18810970996770549
Antioquia,Alejandria,2018,0.26873633968718624
Antioquia,Amaga,2018,0.9855561006388041
Antioquia,Amalfi,2018,0.2071667102735545
Antioquia,Andes,2018,0.28224650480589536
Antioquia,Angelopolis,2018,0.5109664698990718
Antioquia,Angostura,2018,0.2940393424459776
Antioquia,Anori,2018,0.19696971626870713
Antioquia,Antioquia,2018,0.3047305344639527
Antioquia,Anza,2018,0.18517944338142334
Antioquia,Apartado,2018,0.7394874881033201
Antioquia,Arboletes,2018,0.27471441650629824
Antioquia,Argelia,2018,0.20034081928463363
Antioquia,Armenia,2018,0.2850426528419648
Antioquia,Barbosa,2018,1.7153555741265794
Antioquia,Bello,2018,7.107779639018944
Antioquia,Belmira,2018,0.23596263083016863
Antioquia,Betania,2018,0.23205237966470058
Antioquia,Betulia,2018,0.20526945060349167
Antioquia,Bolivar,2018,0.3303136517698052
Antioquia,Briceno,2018,0.30397584527698723
Antioquia,Buritica,2018,0.19381033027883338
Antioquia,Caceres,2018,0.1969823719059851
Antioquia,Caicedo,2018,0.20305783517976572
Antioquia,Caldas,2018,1.379377630550201
Antioquia,Campamento,2018,0.25119914004056487
Antioquia,Canasgordas,2018,0.19444653340552023
Antioquia,Caracoli,2018,0.21835868345567144
Antioquia,Caramanta,2018,0.3361710522863619
Antioquia,Carepa,2018,0.7113763996446981
Antioquia,Carmen De Viboral,2018,0.8157438377620986
Antioquia,Carolina,2018,0.2442319933153348
Antioquia,Caucasia,2018,0.3284599293558295
Antioquia,Chigorodo,2018,0.3757122830912393
Antioquia,Cisneros,2018,0.843733928059887
Antioquia,Cocorna,2018,0.33620103391946704
Antioquia,Concepcion,2018,0.3066667383562598
Antioquia,Concordia,2018,0.26557759870926084
Antioquia,Copacabana,2018,6.6829709836436635
Antioquia,Dabeiba,2018,0.17804610965931367
Antioquia,Don Matias,2018,0.5913452213167809
Antioquia,Ebejico,2018,0.2694904325207896
Antioquia,El Bagre,2018,0.23828979638986195
Antioquia,Entrerrios,2018,0.2607292372409464
Antioquia,Envigado,2018,17.30819016168747
Antioquia,Fredonia,2018,0.4004525559504237
Antioquia,Frontino,2018,0.1908373710452368
Antioquia,Giraldo,2018,0.2932081792151197
Antioquia,Girardota,2018,3.987304195533112
Antioquia,Gomez Plata,2018,0.2745989055971364
Antioquia,Granada,2018,0.3594847386666347
Antioquia,Guadalupe,2018,0.2543845002287552
Antioquia,Guarne,2018,2.8295900197865067
Antioquia,Guatape,2018,0.817599806663506
Antioquia,Heliconia,2018,0.41050257697017356
Antioquia,Hispania,2018,0.2267509818052387
Antioquia,Itagui,2018,21.14934431229915
Antioquia,Ituango,2018,0.22088149703113866
Antioquia,Jardin,2018,0.33237815453108605
Antioquia,Jerico,2018,0.5137055145529468
Antioquia,La Ceja,2018,3.286766651901672
Antioquia,La Estrella,2018,2.3986867396292375
Antioquia,La Union,2018,0.8043331516050263
Antioquia,Liborina,2018,0.23669905772315605
Antioquia,Maceo,2018,0.27354119941420535
Antioquia,Marinilla,2018,4.278830676373651
Antioquia,Medellin,2018,13.795778376784648
Antioquia,Montebello,2018,0.5761441071600316
Antioquia,Murindo,2018,0.1977674643695829
Antioquia,Mutata,2018,0.19548652975678943
Antioquia,Narino,2018,0.2155161773123874
Antioquia,Nechi,2018,0.18830732505223388
Antioquia,Necocli,2018,0.2468147316690937
Antioquia,Necocli (is.),2018,0.1889805471476286
Antioquia,Olaya,2018,0.4067919301367219
Antioquia,Penol,2018,0.7331982326290528
Antioquia,Peque,2018,0.17767126845484138
Antioquia,Pto Nare (la Magd.),2018,0.22906492214365887
Antioquia,Pueblorrico,2018,0.40809874522931266
Antioquia,Puerto Berrio,2018,0.2096723942375554
Antioquia,Puerto Triunfo,2018,0.525975227018736
Antioquia,Remedios,2018,0.20734964271540365
Antioquia,Retiro,2018,2.114477009972572
Antioquia,Rionegro,2018,5.671049331396206
Antioquia,Sabanalarga,2018,0.17525286718616004
Antioquia,Sabaneta,2018,12.301159127073126
Antioquia,Salgar,2018,0.22043707653615768
Antioquia,San Andres,2018,0.1957956018630153
Antioquia,San Carlos,2018,0.23676003729241069
Antioquia,San Francisco,2018,0.18044071431182088
Antioquia,San Jeronimo,2018,0.7728201507164546
Antioquia,San Jose De La Montana,2018,0.22250867332167992
Antioquia,San Juan De Uraba,2018,0.316242292126272
Antioquia,San Luis,2018,0.2150274757767768
Antioquia,San Pedro,2018,0.633017993045616
Antioquia,San Pedro De Uraba,2018,0.27952993096582684
Antioquia,San Rafael,2018,0.3122020249023946
Antioquia,San Roque,2018,0.25972807225611777
Antioquia,San Vicente,2018,0.553932548213259
Antioquia,Santa Barbara,2018,0.5263458556464795
Antioquia,Santa Rosa De Osos,2018,0.3449053929849736
Antioquia,Santo Domingo,2018,0.3506034764125161
Antioquia,Santuario,2018,2.2880418372999154
Antioquia,Segovia,2018,0.2405127793300011
Antioquia,Sonson,2018,0.26169321587564515
Antioquia,Sopetran,2018,0.5115537374577319
Antioquia,Tamesis,2018,0.349051480299478
Antioquia,Taraza,2018,0.19439504624085419
Antioquia,Tarso,2018,0.32635008822165695
Antioquia,Titiribi,2018,0.29211969401154947
Antioquia,Toledo,2018,0.18287456367905977
Antioquia,Turbo,2018,0.27063933425159287
Antioquia,Turbo (is.),2018,0.17530319477428283
Antioquia,Uramita,2018,0.15790545807737116
Antioquia,Urrao,2018,0.19568429515183677
Antioquia,Valdivia,2018,0.20176700831196717
Antioquia,Valparaiso,2018,0.33083436788006826
Antioquia,Vegachi,2018,0.25190846791762167
Antioquia,Venecia,2018,0.45506594680256474
Antioquia,Vigia Del Fuerte,2018,0.19784500708934788
Antioquia,Yali,2018,0.21519145509836934
Antioquia,Yarumal,2018,0.2909124961292478
Antioquia,Yolombo,2018,0.24749751701400918
Antioquia,Yondo,2018,0.2851846013269718
Antioquia,Zaragoza,2018,0.2667989901223191
Arauca,Arauca,2018,0.2888449175735546
Arauca,Arauquita,2018,0.3122595878256794
Arauca,Cravo Norte,2018,0.2334633496440123
Arauca,Fortul,2018,0.22382571233277643
Arauca,Puerto Rondon,2018,0.31075830825523415
Arauca,Saravena,2018,0.4605984846212431
Arauca,Tame,2018,0.2894487855496069
Atlantico,Baranoa,2018,2.622327432505244
Atlantico,Barranquilla  (dist.port.,2018,6.202874346682409
Atlantico,Campo De La Cruz,2018,1.278016348532292
Atlantico,Candelaria,2018,0.6564129647693103
Atlantico,Galapa,2018,5.512794853993438
Atlantico,Juan De Acosta,2018,0.7601746189181602
Atlantico,Luruaco,2018,0.669871314429478
Atlantico,Malambo,2018,5.96960558964456
Atlantico,Manati,2018,0.8373344781392135
Atlantico,Palmar De Varela,2018,0.9102775616933053
Atlantico,Piojo,2018,0.34443467072495904
Atlantico,Polo Nuevo,2018,1.4788711868933127
Atlantico,Ponedera,2018,0.7404470508855111
Atlantico,Puerto Colombia,2018,6.823987791822377
Atlantico,Repelon,2018,0.6155032650566353
Atlantico,Sabanagrande,2018,5.920604692097933
Atlantico,Sabanalarga,2018,1.4360068918297073
Atlantico,Santa Lucia,2018,0.927812230075175
Atlantico,Santo Tomas,2018,2.9922917468362513
Atlantico,Soledad,2018,36.962868678352876
Atlantico,Suan,2018,0.6195680059957976
Atlantico,Tubara,2018,1.2688747489118883
Atlantico,Usiacuri,2018,0.8456090856312168
Bolivar,Achi,2018,0.21317954551156523
Bolivar,Altos Del Rosario,2018,0.21899004955254292
Bolivar,Arjona,2018,0.675570973871084
Bolivar,Barranco De Loba,2018,0.20603376833752068
Bolivar,Calamar,2018,0.34494542526156613
Bolivar,Cantagallo,2018,0.16193587197750867
Bolivar,Cartagena (dist. Esp.),2018,11.261960567933569
Bolivar,Cartagena (dist. Esp.) (i,2018,2.4761117539903887
Bolivar,Cicuco,2018,0.9916892796513871
Bolivar,Cordoba,2018,0.2911195031543078
Bolivar,El Carmen De Bolivar,2018,0.4433942331879138
Bolivar,El Guamo,2018,0.25623572161950964
Bolivar,Hatillo De Loba,2018,0.43519392236497734
Bolivar,Magangue,2018,0.5001262632739247
Bolivar,Mahates,2018,0.47329415759020377
Bolivar,Margarita,2018,0.2500444272157691
Bolivar,Maria La Baja,2018,0.49852615066488726
Bolivar,Mompos,2018,0.2605735314465681
Bolivar,Montecristo,2018,0.17498968516751118
Bolivar,Morales,2018,0.19389180818854795
Bolivar,Pinillos,2018,0.20286843753556297
Bolivar,Rio Viejo,2018,0.2156004890827321
Bolivar,San Estanislao,2018,0.729184625190846
Bolivar,San Fernando,2018,0.24010081993290922
Bolivar,San Jacinto,2018,0.4592408626252018
Bolivar,San Juan Nepomuceno,2018,0.42094845458689667
Bolivar,San Martin De Loba,2018,0.30784264623688073
Bolivar,San Pablo,2018,0.18273987221278665
Bolivar,Santa Catalina,2018,0.8059080767593436
Bolivar,Santa Rosa,2018,1.148411726254867
Bolivar,Santa Rosa Del Sur,2018,0.17646343784737556
Bolivar,Simiti,2018,0.2128434060130715
Bolivar,Soplaviento,2018,0.620816621865784
Bolivar,Talaigua Nuevo,2018,0.35936907187723255
Bolivar,Tiquisio,2018,0.21424643012881744
Bolivar,Turbaco,2018,2.947723462193378
Bolivar,Turbana,2018,0.9617692880646648
Bolivar,Villanueva,2018,0.7373837954640355
Bolivar,Zambrano,2018,0.2312931075846921
Boyaca,Almeida,2018,0.24858965318590903
Boyaca,Aquitania,2018,0.2653617371509739
Boyaca,Arcabuco,2018,0.253946802276443
Boyaca,Belen,2018,0.3947798745301449
Boyaca,Berbeo,2018,0.8409044522703318
Boyaca,Beteitiva,2018,0.3168708617135086
Boyaca,Boavita,2018,0.236022333289692
Boyaca,Boyaca,2018,0.43099778536447325
Boyaca,Brice¥o,2018,0.3166650521157174
Boyaca,Buenavista,2018,0.24443996558239778
Boyaca,Busbanza,2018,0.6936840117962895
Boyaca,Caldas,2018,0.2938380379305888
Boyaca,Campohermoso,2018,0.21976680744609864
Boyaca,Cerinza,2018,0.2573520306414558
Boyaca,Chinavita,2018,0.33699091727279523
Boyaca,Chiquinquira,2018,2.628822245341565
Boyaca,Chiquiza,2018,0.7017214320781044
Boyaca,Chiscas,2018,0.18973156765096252
Boyaca,Chita,2018,0.21886601598650857
Boyaca,Chitaraque,2018,0.2520621278341788
Boyaca,Chivata,2018,0.8222782046070757
Boyaca,Chivor,2018,0.24149071631527488
Boyaca,Cienega,2018,0.33017123476358795
Boyaca,Combita,2018,1.2187857918742115
Boyaca,Coper,2018,0.22276091790612043
Boyaca,Corrales,2018,4.508799016470677
Boyaca,Covarachia,2018,0.19568305818450954
Boyaca,Cubara,2018,0.19192048628472333
Boyaca,Cucaita,2018,1.340102417044801
Boyaca,Cuitiva,2018,0.4028075370631865
Boyaca,Duitama,2018,2.138543854257388
Boyaca,El Cocuy,2018,0.1897181770235432
Boyaca,El Espino,2018,0.40455756658406944
Boyaca,Firavitoba,2018,0.4368585090496287
Boyaca,Floresta,2018,1.326232717687553
Boyaca,Gachantiva,2018,0.30715114339324695
Boyaca,Gameza,2018,0.5033383151118749
Boyaca,Garagoa,2018,0.45273309376515375
Boyaca,Guacamayas,2018,0.25221943448552947
Boyaca,Guateque,2018,0.46100350540478763
Boyaca,Guayata,2018,0.248755078267278
Boyaca,Guican,2018,0.1862365069955683
Boyaca,Iza,2018,0.5657243167715619
Boyaca,Jenesano,2018,0.4650275066133234
Boyaca,Jerico,2018,0.2281554238029191
Boyaca,La Capilla,2018,0.3139036113207999
Boyaca,La Uvita,2018,0.2536809416852653
Boyaca,La Victoria,2018,0.20479168002825138
Boyaca,Labranzagrande,2018,0.2363503871663517
Boyaca,Macanal,2018,0.3254316759755728
Boyaca,Maripi,2018,0.2922379316106058
Boyaca,Miraflores,2018,0.25801772615186164
Boyaca,Mongua,2018,0.2557161990576909
Boyaca,Mongui,2018,0.420178097699602
Boyaca,Moniquira,2018,0.6601592086857153
Boyaca,Motavita,2018,0.47685219185557426
Boyaca,Muzo,2018,0.2905731425338244
Boyaca,Nobsa,2018,5.347777252774431
Boyaca,Nuevo Colon,2018,0.6225490563327085
Boyaca,Oicata,2018,4.797132352998926
Boyaca,Otanche,2018,0.20428559822099807
Boyaca,Pachavita,2018,0.40551964112745503
Boyaca,Paez,2018,0.3262009295243348
Boyaca,Paipa,2018,0.7999159309505632
Boyaca,Pajarito,2018,0.25879580474561614
Boyaca,Panqueba,2018,0.43942662770847846
Boyaca,Pauna,2018,0.2423749180423912
Boyaca,Paya,2018,0.2650491184745167
Boyaca,Paz De Rio,2018,0.35114865049459215
Boyaca,Pesca,2018,0.28986293217774406
Boyaca,Pisva,2018,0.22755764546330784
Boyaca,Puerto Boyaca,2018,0.6023386219068311
Boyaca,Quipama,2018,0.2267600375763784
Boyaca,Ramiriqui,2018,0.3529444212249714
Boyaca,Raquira,2018,0.3614871551181755
Boyaca,Rondon,2018,0.26407842429337286
Boyaca,Saboya,2018,0.4497997539952794
Boyaca,Sachica,2018,0.2787509670455436
Boyaca,Samaca,2018,0.9392419097062534
Boyaca,San Eduardo,2018,0.3274348136900265
Boyaca,San Jose De Pare,2018,0.61477578121068
Boyaca,San Luis De Gaceno,2018,0.2631421983492318
Boyaca,San Mateo,2018,0.2821122097201827
Boyaca,San Miguel De Sema,2018,0.36989231488943713
Boyaca,San Pablo De Borbur,2018,0.26853295162350443
Boyaca,Santa Rosa De Viterbo,2018,1.5317195369886187
Boyaca,Santa Sofia,2018,0.293016884919023
Boyaca,Santamaria,2018,0.26689082717440676
Boyaca,Santana,2018,0.4741072791402253
Boyaca,Sativanorte,2018,0.26369397526142946
Boyaca,Sativasur,2018,0.2363166876769126
Boyaca,Siachoque,2018,0.3979577881934748
Boyaca,Soata,2018,0.2698063793134827
Boyaca,Socha,2018,0.3045983765108106
Boyaca,Socota,2018,0.23419171579006606
Boyaca,Sogamoso,2018,2.1778111922061285
Boyaca,Somondoco,2018,0.26858108411544734
Boyaca,Sora,2018,0.3550118322072737
Boyaca,Soraca,2018,0.7946734405286231
Boyaca,Sotaquira,2018,0.5229030383692076
Boyaca,Susacon,2018,0.20361177142877313
Boyaca,Sutamarchan,2018,0.5445767970743851
Boyaca,Sutatenza,2018,1.124725638199725
Boyaca,Tasco,2018,0.3151567984890351
Boyaca,Tenza,2018,0.5325143162726755
Boyaca,Tibabosa,2018,0.8170368823796654
Boyaca,Tibana,2018,0.34253008556150066
Boyaca,Tinjaca,2018,0.355555964318703
Boyaca,Tipacoque,2018,0.19631507907924084
Boyaca,Toca,2018,0.45452383905099514
Boyaca,Togui,2018,0.29921119976900085
Boyaca,Topaga,2018,1.3283834573439723
Boyaca,Tota,2018,0.23368038139399228
Boyaca,Tunja,2018,3.877939253277432
Boyaca,Tunungua,2018,0.22761896466497636
Boyaca,Turmeque,2018,0.3086992230289152
Boyaca,Tuta,2018,0.7278388573933838
Boyaca,Tutasa,2018,0.23918203704466814
Boyaca,Umbita,2018,0.2983650534883986
Boyaca,Ventaquemada,2018,0.4909132369690688
Boyaca,Villa De Leyva,2018,1.3563582897678932
Boyaca,Viracacha,2018,0.9676062599908949
Boyaca,Zetaquira,2018,0.2645280158026843
Caldas,Aguadas,2018,0.33197773075473397
Caldas,Anserma,2018,0.6416858889424913
Caldas,Aranzazu,2018,0.36460824976674944
Caldas,Belalcazar,2018,0.5097043882821484
Caldas,Chinchina,2018,0.752687378450547
Caldas,Filadelfia,2018,0.33219710463265595
Caldas,La Dorada,2018,0.27262979516758856
Caldas,La Merced,2018,0.32061589187515477
Caldas,Manizales,2018,4.074763170825898
Caldas,Manzanares,2018,0.42881665112757955
Caldas,Marmato,2018,0.44374751393831874
Caldas,Marquetalia,2018,0.37628585932780995
Caldas,Marulanda,2018,0.18624387851679328
Caldas,Neira,2018,0.4301206679612236
Caldas,Pacora,2018,0.3614780747611846
Caldas,Palestina,2018,0.5864465053383582
Caldas,Pensilvania,2018,0.23611599524172805
Caldas,Riosucio,2018,0.27224438520825783
Caldas,Risaralda,2018,0.5841127780231671
Caldas,Salamina,2018,0.33755641385604906
Caldas,Samana,2018,0.21999311515130274
Caldas,Supia,2018,1.6331771750856043
Caldas,Victoria,2018,0.26473200188180956
Caldas,Villamaria,2018,0.5077117771103105
Caldas,Viterbo,2018,0.5401895315903029
Caqueta,Albania,2018,0.27051019215003297
Caqueta,Belen De Los Andaquies,2018,0.26240064120842327
Caqueta,Cartagena Del Chaira,2018,0.23053582471757655
Caqueta,Curillo,2018,0.23765348684791013
Caqueta,El Doncello,2018,0.2529900863670611
Caqueta,El Paujil,2018,0.30197811828401394
Caqueta,Florencia,2018,0.43206901064159065
Caqueta,La Montanita,2018,0.2673628227176287
Caqueta,Milan,2018,0.23099298026641982
Caqueta,Morelia,2018,0.2867423911972335
Caqueta,Puerto Rico,2018,0.2261430964577792
Caqueta,San Jose De Fragua,2018,0.2159570756506271
Caqueta,San Vicente Del Caguan,2018,0.24026176238531163
Caqueta,Valparaiso,2018,0.23401314011128616
Casanare,Aguazul,2018,3.0148686671158873
Casanare,Chameza,2018,0.27191265379975516
Casanare,Hato Corozal,2018,0.21404795522283415
Casanare,La Salina,2018,0.20847055882099777
Casanare,Mani,2018,0.28273301215174695
Casanare,Monterrey,2018,0.44894702171394457
Casanare,Nunchia,2018,0.26472863130117247
Casanare,Orocue,2018,0.2507975666173889
Casanare,Paz De Ariporo,2018,0.21426928187906097
Casanare,Pore,2018,0.2929146648873032
Casanare,Recetor,2018,0.27633972528437456
Casanare,Sabanalarga,2018,0.3943408965460301
Casanare,Sacama,2018,0.17608331706280966
Casanare,San Luis De Palenque,2018,0.2407730360429126
Casanare,Tamara,2018,0.21433088628537214
Casanare,Tauramena,2018,0.41462327815882016
Casanare,Trinidad,2018,0.2649445637987407
Casanare,Villanueva,2018,0.5317907153612758
Casanare,Yopal,2018,0.8749001142026068
Cauca,Almaguer,2018,0.24046227716561927
Cauca,Argelia,2018,0.2190979834305994
Cauca,Balboa,2018,0.2441298282584054
Cauca,Bolivar,2018,0.27127226912972985
Cauca,Buenos Aires,2018,0.3550385769730804
Cauca,Cajibio,2018,0.2748840553782251
Cauca,Caldono,2018,0.31716741433530327
Cauca,Caloto,2018,1.3689839127673558
Cauca,Corinto,2018,0.8782966550900767
Cauca,El Tambo,2018,0.2413347566596583
Cauca,Florencia,2018,0.3323143766376817
Cauca,Gorgona (is.),2018,0.2125499265957368
Cauca,Guapi,2018,0.2491255532603986
Cauca,Guapi (is.),2018,0.23190526369067643
Cauca,Inza,2018,0.28733989195442644
Cauca,Jambalo,2018,0.2820983556432708
Cauca,La Sierra,2018,0.27966679016636214
Cauca,La Vega,2018,0.2723343734600347
Cauca,Lopez De Micay,2018,0.2305071623188204
Cauca,Mercaderes,2018,0.2617613324595219
Cauca,Miranda,2018,0.8780534929222992
Cauca,Morales,2018,0.23778568471120434
Cauca,Padilla,2018,1.1758559887108517
Cauca,Paez,2018,0.256227962265091
Cauca,Patia (el Bordo),2018,0.2638886112563938
Cauca,Piendamo,2018,0.44814005827808445
Cauca,Popayan,2018,3.114989782915804
Cauca,Puerto Tejada,2018,3.104612883793151
Cauca,Purace,2018,0.2712754419033472
Cauca,Rosas,2018,0.28193421072707203
Cauca,San Sebastian,2018,0.24918319721954654
Cauca,Santa Rosa,2018,0.28931276005402046
Cauca,Santander De Quilichao,2018,1.0886799601345245
Cauca,Silvia,2018,0.3993678454243888
Cauca,Sotara,2018,0.41420041085302006
Cauca,Suarez,2018,0.20438976339649056
Cauca,Timbio,2018,0.3850630467655535
Cauca,Timbiqui,2018,0.23485380439687
Cauca,Timbiqui (is.),2018,0.22157883625498073
Cauca,Toribio,2018,1.3768402086418443
Cesar,Aguachica,2018,0.801119193532988
Cesar,Agustin Codazzi,2018,0.4348235208574292
Cesar,Astrea,2018,0.36929253067707113
Cesar,Becerril,2018,0.6164351504554317
Cesar,Bosconia,2018,0.5593042041027474
Cesar,Chimichagua,2018,0.2545043875795859
Cesar,Chiriguana,2018,0.42712034199491117
Cesar,Curumani,2018,0.3887108934200445
Cesar,El Copey,2018,0.3717047236326741
Cesar,El Paso,2018,0.7736128786767554
Cesar,Gamarra,2018,0.34834561374883244
Cesar,Gonzalez,2018,0.3159279045201743
Cesar,La Gloria,2018,0.34320466114177667
Cesar,La Jagua De Iribico,2018,1.5040165162252324
Cesar,La Paz,2018,0.46858899726952147
Cesar,Manaure Balcon Del Cesar,2018,0.3915152721993124
Cesar,Pailitas,2018,0.3927858743249942
Cesar,Pelaya,2018,0.31682119730503283
Cesar,Rio De Oro,2018,0.423860620124771
Cesar,San Alberto,2018,0.33598020877418067
Cesar,San Diego,2018,0.29880937373504907
Cesar,San Martin,2018,2.1365334396914872
Cesar,Tamalameque,2018,0.3562132818799351
Cesar,Valledupar,2018,0.8046210620127188
Choco,Acandi,2018,0.20432303657677037
Choco,Alto Baudo (pie De Pato),2018,0.21660627941409602
Choco,Bagado,2018,0.23353949181387018
Choco,Bahia Solano (ciudad Muti,2018,0.21680016349536532
Choco,Bajo Baudo (is.),2018,0.2180602059329551
Choco,Bajo Baudo (pizarro),2018,0.21123259822232415
Choco,Bojaya (bella Vista),2018,0.19242688583881062
Choco,Canton De San Pablo,2018,0.2568814536137396
Choco,Condoto,2018,0.2543909891288704
Choco,El Carmen,2018,0.21348554332924502
Choco,Istmina,2018,0.25086414591433764
Choco,Jurado,2018,0.19209357449191541
Choco,Jurado (is.),2018,0.4501380107596094
Choco,Litoral Del San Juan,2018,0.21309211650083867
Choco,Litoral Del San Juan (is.,2018,0.16857156318997868
Choco,Lloro,2018,0.24731839822845167
Choco,Novita,2018,0.22994878165512317
Choco,Nuqui,2018,0.21088124953092677
Choco,Quibdo,2018,0.2432724837724478
Choco,Riosucio,2018,0.17364595813293615
Choco,San Jose Del Palmar,2018,0.2451459131265077
Choco,Sipi,2018,0.23364640530403946
Choco,Tado,2018,0.2881988407805997
Choco,Unguia,2018,0.18042956780552288
Cordoba,Ayapel,2018,0.2559923286917584
Cordoba,Buenavista,2018,0.27399735710933343
Cordoba,Canalete,2018,0.2592534424777179
Cordoba,Cerete,2018,1.9852203684131648
Cordoba,Chima,2018,0.3199943752095979
Cordoba,Chinu,2018,0.5298092988275259
Cordoba,Cienaga De Oro,2018,0.4967776247766273
Cordoba,Lorica,2018,0.5541288364008164
Cordoba,Los Cordobas,2018,0.32857226054644073
Cordoba,Momil,2018,0.4878577769933849
Cordoba,Monitos (is.),2018,0.27353813164616997
Cordoba,Montelibano,2018,0.4008108054751728
Cordoba,Monteria,2018,0.9020308948298773
Cordoba,Mo¥itos,2018,0.3265987071579679
Cordoba,Planeta Rica,2018,0.3913847986260482
Cordoba,Pueblo Nuevo,2018,0.29645019190196265
Cordoba,Puerto Escondido,2018,0.2573851555554798
Cordoba,Puerto Libertador,2018,0.2294520880707445
Cordoba,Purisima,2018,0.9476811975339143
Cordoba,Sahagun,2018,0.629700476786604
Cordoba,San Andres De Sotavento,2018,1.0065688677998714
Cordoba,San Antero,2018,0.961475503054495
Cordoba,San Bernardo El Viento,2018,0.38762943188237386
Cordoba,San Bernardo El Viento (i,2018,0.1947927952177175
Cordoba,San Carlos,2018,0.4382708220116741
Cordoba,San Pelayo,2018,0.4772207847838038
Cordoba,Tierralta,2018,0.22526929847951013
Cordoba,Valencia,2018,0.2841105343307703
Cundinamarca,Agua De Dios,2018,0.8738528436941099
Cundinamarca,Alban,2018,0.8768475131479652
Cundinamarca,Anapoima,2018,1.1059966688539518
Cundinamarca,Anolaima,2018,0.7152135190584964
Cundinamarca,Apulo (rafael Reyes),2018,0.6076906684169301
Cundinamarca,Arbelaez,2018,0.4655117754282705
Cundinamarca,Beltran,2018,0.3564687123329044
Cundinamarca,Bituima,2018,0.48870212119591505
Cundinamarca,Bojaca,2018,1.2696247924839137
Cundinamarca,Cabrera,2018,0.22808714080916215
Cundinamarca,Cachipay,2018,0.6103704081523474
Cundinamarca,Cajica,2018,9.64434106327705
Cundinamarca,Caparrapi,2018,0.32238833205272216
Cundinamarca,Caqueza,2018,0.7678860616410651
Cundinamarca,Carmen De Carupa,2018,0.302733366798494
Cundinamarca,Chaguani,2018,0.2676246042689062
Cundinamarca,Chia,2018,10.79194165572546
Cundinamarca,Chipaque,2018,0.8989422963246492
Cundinamarca,Choachi,2018,0.7378366838747512
Cundinamarca,Choconta,2018,0.6050294131725067
Cundinamarca,Cogua,2018,2.8290494092368763
Cundinamarca,Cota,2018,9.231646864522032
Cundinamarca,Cucunuba,2018,1.1576282277775896
Cundinamarca,El Colegio,2018,1.4247620942871553
Cundinamarca,El Pe¥on,2018,0.2666238768962955
Cundinamarca,Facatativa,2018,3.8920352496547923
Cundinamarca,Fomeque,2018,0.32999905773081256
Cundinamarca,Fosca,2018,0.3111674023755105
Cundinamarca,Funza,2018,14.980743242204339
Cundinamarca,Fuquene,2018,0.5461414223709189
Cundinamarca,Fusagasuga,2018,2.1334664081959063
Cundinamarca,Gachala,2018,0.22776061584678312
Cundinamarca,Gachancipa,2018,6.396357119109944
Cundinamarca,Gacheta,2018,0.3227560497416272
Cundinamarca,Gama,2018,0.23638950152049623
Cundinamarca,Girardot,2018,5.420565139450436
Cundinamarca,Guacheta,2018,1.080730022930955
Cundinamarca,Guaduas,2018,0.5173904875496315
Cundinamarca,Guasca,2018,0.7543610334140312
Cundinamarca,Guataqui,2018,0.376773952015958
Cundinamarca,Guatavita,2018,0.9432825275642173
Cundinamarca,Guayabal De Siquima,2018,0.37453147102866313
Cundinamarca,Guayabetal,2018,0.36642592119421874
Cundinamarca,Gutierrez,2018,0.23747710169917616
Cundinamarca,Jerusalen,2018,0.27976385208102267
Cundinamarca,Junin,2018,0.2540270682748607
Cundinamarca,La Calera,2018,2.6644240648893693
Cundinamarca,La Mesa,2018,1.655466590802547
Cundinamarca,La Palma,2018,0.3318815631150264
Cundinamarca,La Pe¥a,2018,0.28355518883689645
Cundinamarca,La Vega,2018,0.6369647043747098
Cundinamarca,Lenguazaque,2018,0.6476933928285421
Cundinamarca,Macheta,2018,0.2965896684387933
Cundinamarca,Madrid,2018,5.018955579727565
Cundinamarca,Manta,2018,0.25931582308356055
Cundinamarca,Medina,2018,0.29026220626567667
Cundinamarca,Mosquera,2018,2.9589557174281302
Cundinamarca,Nari¥o,2018,0.5960802192999206
Cundinamarca,Nemocon,2018,1.6108074506033054
Cundinamarca,Nilo,2018,0.8628077349497785
Cundinamarca,Nimaima,2018,0.40470844535092065
Cundinamarca,Nocaima,2018,0.5304423112149225
Cundinamarca,Pacho,2018,0.3540061608260493
Cundinamarca,Paime,2018,0.24656232744880482
Cundinamarca,Pandi,2018,0.5383129689386135
Cundinamarca,Paratebueno,2018,0.26226297804958193
Cundinamarca,Pasca,2018,0.3849924297318987
Cundinamarca,Puerto Salgar,2018,0.7973762084866115
Cundinamarca,Puli,2018,0.3616875597739433
Cundinamarca,Quebradanegra,2018,0.4218684396622889
Cundinamarca,Quetame,2018,0.5731231732411243
Cundinamarca,Quipile,2018,0.3413362580142476
Cundinamarca,Ricaurte,2018,3.8400670836798008
Cundinamarca,San Antonio Del Tequendam,2018,1.2790596978630386
Cundinamarca,San Bernardo,2018,0.23848092290041012
Cundinamarca,San Cayetano,2018,0.208552314498361
Cundinamarca,San Francisco,2018,0.7407254913202809
Cundinamarca,San Juan De Rio Seco,2018,0.30335008112911316
Cundinamarca,Santafe De Bogota D.c.,2018,13.314429921802574
Cundinamarca,Sasaima,2018,0.7518660112006311
Cundinamarca,Sesquile,2018,1.2684327451713886
Cundinamarca,Sibate,2018,1.3351100905272886
Cundinamarca,Silvania,2018,0.9801996528416512
Cundinamarca,Simijaca,2018,0.7131371867497327
Cundinamarca,Soacha,2018,4.284900361455917
Cundinamarca,Sopo,2018,4.14444055732035
Cundinamarca,Subachoque,2018,1.366618492037747
Cundinamarca,Suesca,2018,0.9663019893433131
Cundinamarca,Supata,2018,0.37476224508998673
Cundinamarca,Susa,2018,0.4133024100563921
Cundinamarca,Sutatausa,2018,1.3529488956657685
Cundinamarca,Tabio,2018,2.4321871032068088
Cundinamarca,Tausa,2018,0.5299731215048546
Cundinamarca,Tena,2018,1.1040509452772311
Cundinamarca,Tenjo,2018,4.2236942330468805
Cundinamarca,Tibacuy,2018,0.5303697700713781
Cundinamarca,Tibirita,2018,0.3353926936832091
Cundinamarca,Tocaima,2018,0.6376313595014576
Cundinamarca,Tocancipa,2018,8.353389945548246
Cundinamarca,Topaipi,2018,0.2707651343805999
Cundinamarca,Ubala,2018,0.2825788001488302
Cundinamarca,Ubaque,2018,0.7170984592512664
Cundinamarca,Ubate,2018,1.304060110498443
Cundinamarca,Une,2018,0.33988529028208586
Cundinamarca,Utica,2018,0.3592743246392888
Cundinamarca,Venecia (ospina Perez),2018,0.2619920085269181
Cundinamarca,Vergara,2018,0.2689319565145601
Cundinamarca,Viani,2018,0.3308769254906325
Cundinamarca,Villagomez,2018,0.26300627720857633
Cundinamarca,Villapinzon,2018,0.6065823600613767
Cundinamarca,Villeta,2018,1.136884128071165
Cundinamarca,Viota,2018,0.5231199024480477
Cundinamarca,Yacopi,2018,0.21992559451961452
Cundinamarca,Zipacon,2018,1.1673624820362305
Cundinamarca,Zipaquira,2018,2.7957527228737984
Guainia,Barranco Minas,2018,0.1788535603678151
Guainia,Cacahual,2018,0.16000988595721904
Guainia,Inirida,2018,0.18470838218001673
Guainia,La Guadalupe,2018,0.16525442440813218
Guainia,Pana Pana,2018,0.20365733157433957
Guainia,Puerto Colombia,2018,0.1772000808206026
Guainia,San Felipe,2018,0.18193097172821676
Guajira,Barrancas,2018,1.7109302765364003
Guajira,El Molino,2018,0.24256568080801144
Guajira,Fonseca,2018,0.5430497703488688
Guajira,Hato Nuevo,2018,1.3473558272396706
Guajira,Maicao,2018,0.875544076468924
Guajira,Manaure,2018,0.4794039636830026
Guajira,Riohacha,2018,0.3344212538579479
Guajira,San Juan Del Cesar,2018,0.4932275227423478
Guajira,Uribia,2018,0.2535938048556665
Guajira,Urumita,2018,0.6181830930804921
Guajira,Villanueva,2018,0.765079233733354
Guaviare,Calamar,2018,0.2085820208940034
Guaviare,El Retorno,2018,0.214711250464624
Guaviare,Miraflores,2018,0.2226814830766971
Guaviare,San Jose Del Guaviare,2018,0.2162885119090014
Huila,Acevedo,2018,0.28905693131157834
Huila,Agrado,2018,0.4076016329216328
Huila,Aipe,2018,0.36925686162000354
Huila,Algeciras,2018,0.2737780200969762
Huila,Altamira,2018,0.39497848175296946
Huila,Baraya,2018,0.26169152626993225
Huila,Campo Alegre,2018,0.5584792845148941
Huila,Colombia,2018,0.22602355430288454
Huila,Elias,2018,0.411856775929852
Huila,Garzon,2018,0.7089977484282456
Huila,Gigante,2018,0.7321020628204858
Huila,Guadalupe,2018,0.3690833704683986
Huila,Hobo,2018,0.35721584592182615
Huila,Iquira,2018,0.22146201118096473
Huila,Isnos,2018,0.3728277106080478
Huila,La Argentina,2018,0.24782125030433316
Huila,La Plata,2018,0.33369976030341403
Huila,Nataga,2018,0.22342874676123603
Huila,Neiva,2018,1.5082912507067758
Huila,Oporapa,2018,0.31007361273621176
Huila,Paicol,2018,0.34284192806374714
Huila,Palermo,2018,0.3859827533587112
Huila,Palestina,2018,0.2458797632298147
Huila,Pital,2018,0.27672253929104146
Huila,Pitalito,2018,0.9703829180261506
Huila,Rivera,2018,0.5852172145409926
Huila,Salado Blanco,2018,0.2628365378996998
Huila,San Agustin,2018,0.25015802053356917
Huila,Santa Maria,2018,0.2378078312266572
Huila,Suaza,2018,0.32149322997308455
Huila,Tarqui,2018,0.307630946950841
Huila,Tello,2018,0.37621540160752365
Huila,Teruel,2018,0.2326050045133119
Huila,Tesalia,2018,0.34792701896813377
Huila,Timana,2018,0.6253272381484309
Huila,Villa Vieja,2018,0.36830458658421755
Huila,Yaguara,2018,0.7162346566500312
Magdalena,Aracataca,2018,0.3980379457541498
Magdalena,Ariguani,2018,0.275060980202697
Magdalena,Cerro San Antonio,2018,0.6961812806641315
Magdalena,Chivolo,2018,0.21115035709373994
Magdalena,Cienaga,2018,0.8683930593748359
Magdalena,El Banco,2018,0.5088278796202681
Magdalena,El Pi¥on,2018,0.310955976947598
Magdalena,Fundacion,2018,0.2801780256868312
Magdalena,Guamal,2018,0.4238459738740795
Magdalena,Pedraza,2018,0.2881329022987418
Magdalena,Pivijay,2018,0.29301249882392455
Magdalena,Plato,2018,0.26656096976900845
Magdalena,Pueblo Viejo,2018,0.3012027805212465
Magdalena,Remolino,2018,0.3970395494309995
Magdalena,Salamina,2018,0.47717441044666
Magdalena,San Sebastian De Buenavis,2018,0.4020088359068808
Magdalena,San Zenon,2018,0.8823244862510919
Magdalena,Santa Ana,2018,0.28575932263251436
Magdalena,Santa Marta (dist. Esp.),2018,1.49563420005628
Magdalena,Santa Marta (dist. Esp.)(,2018,0.3288603970977316
Magdalena,Tenerife,2018,0.28523632037116714
Meta,Acacias,2018,6.6724126074363586
Meta,Barranca De Upia,2018,0.5730123771817833
Meta,Cabuyaro,2018,0.4858755698078984
Meta,Castilla La Nueva,2018,1.3474603228938855
Meta,Cubarral,2018,0.2639944262900953
Meta,Cumaral,2018,0.4400653047571734
Meta,El Calvario,2018,0.26944086057098177
Meta,El Castillo,2018,0.3094760277232342
Meta,El Dorado,2018,0.38928913211613886
Meta,Fuente De Oro,2018,0.30532956101960834
Meta,Granada,2018,1.8317450341914103
Meta,Guamal,2018,0.613019971142589
Meta,La Macarena,2018,0.24122827738438662
Meta,La Uribe,2018,0.22670936315534843
Meta,Lejanias,2018,0.2734428623203616
Meta,Mapiripan,2018,0.23049488651161915
Meta,Mesetas,2018,0.2396921079467408
Meta,Puerto Concordia,2018,0.26352176585777753
Meta,Puerto Gaitan,2018,0.35340283787166377
Meta,Puerto Lleras,2018,0.24896544159017367
Meta,Puerto Lopez,2018,0.2940876268900253
Meta,Puerto Rico,2018,0.23816795019658493
Meta,Restrepo,2018,1.218051454443929
Meta,San Carlos De Guaroa,2018,0.3863027243991264
Meta,San Juan De Arama,2018,0.25588180324836357
Meta,San Juanito,2018,0.24320201188167753
Meta,San Martin,2018,0.2773547687095987
Meta,Villavicencio,2018,1.8820997154986763
Meta,Vistahermosa,2018,0.23836603200680975
Narino,Alban,2018,0.40698338970925957
Narino,Aldana,2018,0.750792787024793
Narino,Ancuya,2018,0.28309794353240664
Narino,Arboleda,2018,0.3301302754835358
Narino,Barbacoas,2018,0.263374059167585
Narino,Belen,2018,0.28995511588559786
Narino,Buesaco,2018,0.38727939219085106
Narino,Chachagui,2018,0.4975324339096837
Narino,Colon,2018,0.34117801631935674
Narino,Consaca,2018,0.4408533697935003
Narino,Contadero,2018,0.6436477494425122
Narino,Cordoba,2018,0.3855336972317028
Narino,Cuaspud,2018,0.6959776308882947
Narino,Cumbal,2018,0.2652566709432944
Narino,Cumbitara,2018,0.2618607953106707
Narino,El Charco,2018,0.24198234625739073
Narino,El Charco (is.),2018,0.196768801329321
Narino,El Rosario,2018,0.27602603433321915
Narino,El Tablon,2018,0.2914070291385533
Narino,El Tambo,2018,0.29507194971200446
Narino,Francisco Pizarro,2018,0.255286665021482
Narino,Funes,2018,0.3319872049187211
Narino,Guachucal,2018,0.3004112476649354
Narino,Guaitarilla,2018,0.32032566352295877
Narino,Gualmatan,2018,0.38783288058396603
Narino,Iles,2018,0.37628295251682975
Narino,Imues,2018,0.5921272234037805
Narino,Ipiales,2018,0.4673876110886259
Narino,La Cruz,2018,0.4082354786523338
Narino,La Florida,2018,0.37598061603993316
Narino,La Llanada,2018,0.2786947856053592
Narino,La Tola,2018,0.23346551437758323
Narino,La Union,2018,0.44644815109020447
Narino,Leiva,2018,0.24582686723678368
Narino,Linares,2018,0.39598890686791105
Narino,Los Andes,2018,0.24914478429363723
Narino,Magui,2018,0.2531979141139697
Narino,Mallama,2018,0.2554016256375196
Narino,Mosquera,2018,0.21281884073212412
Narino,Mosquera (is.),2018,0.20568190151904256
Narino,Olaya Herrera,2018,0.24497559454074896
Narino,Ospina,2018,1.321731667806477
Narino,Pasto,2018,1.2241351045588396
Narino,Policarpa,2018,0.2899371492286288
Narino,Potosi,2018,0.41469657491148215
Narino,Providencia,2018,0.29919945407413273
Narino,Puerres,2018,0.3416540210513452
Narino,Pupiales,2018,0.47667621473564525
Narino,Ricaurte,2018,0.27066816726795656
Narino,Roberto Payan,2018,0.24596076731525876
Narino,Samaniego,2018,0.30024440481522374
Narino,San Bernardo,2018,0.30578763407704757
Narino,San Lorenzo,2018,0.3401068612523479
Narino,San Pablo,2018,0.5377357840106453
Narino,San Pedro De Cartago,2018,0.3472329951254089
Narino,Sandona,2018,0.5199924091942899
Narino,Santa Barbara,2018,0.2562193615166594
Narino,Santa Cruz,2018,0.24966711724996374
Narino,Sapuyes,2018,0.39384942567824244
Narino,Taminango,2018,0.2918919650232961
Narino,Tangua,2018,0.4700754033815415
Narino,Tumaco,2018,0.2922841106219327
Narino,Tumaco (is.),2018,3.0793766941520118
Narino,Tuquerres,2018,0.404224978991655
Narino,Yacuanquer,2018,0.3316022641868684
Norte De Santander,Abrego,2018,0.20755918485643424
Norte De Santander,Arboledas,2018,0.2128050546451571
Norte De Santander,Bochalema,2018,0.2837568259271419
Norte De Santander,Bucarasica,2018,0.20346487337380986
Norte De Santander,Cachira,2018,0.21729921511141168
Norte De Santander,Cacota,2018,0.25776472680360374
Norte De Santander,Chinacota,2018,0.7510156544898258
Norte De Santander,Chitaga,2018,0.21226125379808256
Norte De Santander,Convencion,2018,0.19379091042809118
Norte De Santander,Cucuta,2018,2.52438766975983
Norte De Santander,Cucutilla,2018,0.2400171679982957
Norte De Santander,Durania,2018,0.30327489121707113
Norte De Santander,El Carmen,2018,0.18386258306987072
Norte De Santander,El Tarra,2018,0.16153224641472053
Norte De Santander,El Zulia,2018,0.4178100407888076
Norte De Santander,Gramalote,2018,0.2967575922945998
Norte De Santander,Hacari,2018,0.17410103398876994
Norte De Santander,Herran,2018,0.3487762919293049
Norte De Santander,La Esperanza,2018,0.3447059870173751
Norte De Santander,La Playa,2018,0.26105452355233993
Norte De Santander,Labateca,2018,0.2425028467843516
Norte De Santander,Los Patios,2018,0.9728582650138003
Norte De Santander,Lourdes,2018,0.3158411924201487
Norte De Santander,Mutiscua,2018,0.257052377049817
Norte De Santander,Oca¥a,2018,0.8502953535720562
Norte De Santander,Pamplona,2018,0.6294676385655101
Norte De Santander,Pamplonita,2018,0.29841883363173366
Norte De Santander,Puerto Santander,2018,0.3310561217069945
Norte De Santander,Ragonvalia,2018,0.3209746747123166
Norte De Santander,Salazar,2018,0.2323141677167785
Norte De Santander,San Calixto,2018,0.17035794030647286
Norte De Santander,San Cayetano,2018,0.6750400677019331
Norte De Santander,Santiago,2018,0.33623108830713705
Norte De Santander,Sardinata,2018,0.22407686213992167
Norte De Santander,Silos,2018,0.2480755498114076
Norte De Santander,Teorama,2018,0.18643910697934754
Norte De Santander,Tibu,2018,0.2367573846955174
Norte De Santander,Toledo,2018,0.2301228022309231
Norte De Santander,Villa Caro,2018,0.21362112684071508
Norte De Santander,Villa Del Rosario,2018,3.527244539823853
Putumayo,Colon,2018,0.38062643800503604
Putumayo,Mocoa,2018,0.9839713845066687
Putumayo,Orito,2018,0.3807258336485531
Putumayo,Puerto Asis,2018,0.49117463977888043
Putumayo,Puerto Caicedo,2018,0.24939586596516555
Putumayo,Puerto Guzman,2018,0.21731222327354668
Putumayo,San Francisco,2018,0.3266885340062426
Putumayo,Santiago,2018,0.27424863403326966
Putumayo,Sibundoy,2018,0.4706933998924953
Putumayo,Valle Del Guamuez (la Hor,2018,0.4056988806402495
Putumayo,Villagarzon,2018,0.5016123300347044
Quindio,Armenia,2018,8.49076137369484
Quindio,Buenavista,2018,0.3609054093491025
Quindio,Calarca,2018,1.9543703652220046
Quindio,Circasia,2018,1.6968179043997569
Quindio,Cordoba,2018,0.43538404171653794
Quindio,Filandia,2018,1.001883706419242
Quindio,Genova,2018,0.37332610666801763
Quindio,La Tebaida,2018,1.9283800518344867
Quindio,Montenegro,2018,0.6786765980670555
Quindio,Pijao,2018,0.5802133390909975
Quindio,Quimbaya,2018,0.44906454345520164
Quindio,Salento,2018,1.0219782440640972
Risaralda,Apia,2018,0.3293094784526878
Risaralda,Balboa,2018,0.3610589824101318
Risaralda,Belen De Umbria,2018,0.505854482813003
Risaralda,Dos Quebradas,2018,14.588922958610636
Risaralda,Guatica,2018,0.4115892153590068
Risaralda,La Celia,2018,0.22260789423629745
Risaralda,La Virginia,2018,4.462014149217769
Risaralda,Marsella,2018,0.6137207879361813
Risaralda,Mistrato,2018,0.2260525473992341
Risaralda,Pereira,2018,3.5064596492820987
Risaralda,Pueblo Rico,2018,0.2268729784492903
Risaralda,Quinchia,2018,0.5713659239908411
Risaralda,Santa Rosa De Cabal,2018,1.0222975280339026
Risaralda,Santuario,2018,0.33764600872297035
San Andres Y Providencia,San Andres Y Providencia,2018,9.478919209849279
San Andres Y Providencia,Santa Catalina,2018,1.6405416780645392
San Andres Y Providencia,Santa Catarina,2018,1.5904760809135468
Santander,Aguada,2018,0.19987599940475925
Santander,Albania,2018,0.2288953498081777
Santander,Aratoca,2018,0.3374505696980308
Santander,Barbosa,2018,0.620331624982534
Santander,Barichara,2018,0.4630109665034345
Santander,Barrancabermeja,2018,2.195535745605766
Santander,Betulia,2018,0.2430632650060687
Santander,Bolivar,2018,0.22658896378001886
Santander,Bucaramanga,2018,13.033084449059345
Santander,Cabrera,2018,0.27685081023588637
Santander,California,2018,0.3098475623716709
Santander,Capitanejo,2018,0.2654978461223841
Santander,Carcasi,2018,0.19424061935086
Santander,Cepita,2018,0.241713468185634
Santander,Cerrito,2018,0.2187672766007307
Santander,Charala,2018,0.23349436541610047
Santander,Charta,2018,0.300351023226016
Santander,Chima,2018,0.19846201476810973
Santander,Chipata,2018,0.3028017988688976
Santander,Cimitarra,2018,0.24546085036205506
Santander,Concepcion,2018,0.250085363124823
Santander,Confines,2018,0.2240658792683759
Santander,Contratacion,2018,0.3047246476487496
Santander,Coromoro,2018,0.19296116478188377
Santander,Curiti,2018,0.37748631710361097
Santander,El Carmen,2018,0.30718705044490974
Santander,El Guacamayo,2018,0.19479632135322167
Santander,El Pe¥on,2018,0.1816560649524292
Santander,El Playon,2018,0.24506458525157723
Santander,Encino,2018,0.2077441535151465
Santander,Enciso,2018,0.6618835417245352
Santander,Florian,2018,0.25921795033276546
Santander,Floridablanca,2018,7.21721667520494
Santander,Galan,2018,0.18510228187029
Santander,Gambita,2018,0.2392288777202637
Santander,Giron,2018,0.7053061324466038
Santander,Guaca,2018,0.23336191029245476
Santander,Guadalupe,2018,0.2590726415772343
Santander,Guapota,2018,0.268100297158904
Santander,Guavata,2018,0.27083715124381774
Santander,Guepsa,2018,0.5065377276680384
Santander,Hato,2018,0.18613072624337032
Santander,Jesus Maria,2018,0.21652907388826165
Santander,Jordan,2018,0.19190630852674398
Santander,La Belleza,2018,0.22875151308544475
Santander,La Paz,2018,0.19091030747442825
Santander,Landazuri,2018,0.18802893346619035
Santander,Lebrija,2018,0.4643542575672329
Santander,Los Santos,2018,0.4675601809434477
Santander,Macaravita,2018,0.2141211529497603
Santander,Malaga,2018,0.4439166408016041
Santander,Matanza,2018,0.26268197391810716
Santander,Mogotes,2018,0.20038045349036218
Santander,Molagavita,2018,0.2031136989295869
Santander,Ocamonte,2018,0.25714914390404964
Santander,Oiba,2018,0.3038101577582296
Santander,Onzaga,2018,0.1932315198977998
Santander,Palmar,2018,0.29970385986856
Santander,Palmas Del Socorro,2018,0.2868120376245677
Santander,Paramo,2018,0.2598340826131451
Santander,Piedecuesta,2018,1.589834557045516
Santander,Pinchote,2018,0.5181174058652672
Santander,Puente Nacional,2018,0.3252489092531522
Santander,Puerto Parra,2018,0.18371099758405465
Santander,Puerto Wilches,2018,0.2912200142005343
Santander,Rionegro,2018,0.3594603834802263
Santander,Sabana De Torres,2018,0.43712484918481975
Santander,San Andres,2018,0.2786334592986949
Santander,San Benito,2018,0.24909844455887717
Santander,San Gil,2018,1.6159172799713422
Santander,San Joaquin,2018,0.1994992710422859
Santander,San Jose Miranda,2018,0.20454047881385892
Santander,San Miguel,2018,0.24045379074994214
Santander,San Vicente De Chucuri,2018,0.3551260164876516
Santander,Santa Barbara,2018,0.2957527388194305
Santander,Santa Helena De Opon,2018,0.17650721244791265
Santander,Simacota,2018,0.21826379483248207
Santander,Socorro,2018,0.8959098535661862
Santander,Suaita,2018,0.25040939183876065
Santander,Sucre,2018,0.1885959346583337
Santander,Surata,2018,0.19475134878158004
Santander,Tona,2018,0.3842392073223188
Santander,Valle De  San Jose,2018,0.30137675780061407
Santander,Velez,2018,0.31433642482824203
Santander,Vetas,2018,0.31509925657631865
Santander,Villanueva,2018,0.5287375708413042
Santander,Zapatoca,2018,0.2706219537333204
Sucre,Buenavista,2018,0.4792594837017859
Sucre,Caimito,2018,0.35282320644558296
Sucre,Chalan,2018,0.3750784419642365
Sucre,Coloso (ricaurte),2018,0.49813160766899894
Sucre,Corozal,2018,0.7787227154626167
Sucre,Galeras,2018,0.37185970804758256
Sucre,Guaranda,2018,0.1991398016163289
Sucre,La Union,2018,0.5179729191503876
Sucre,Los Palmitos,2018,0.44158170788061957
Sucre,Majagual,2018,0.2566972282904043
Sucre,Morroa,2018,1.6062988292026297
Sucre,Ovejas,2018,0.41711161733871666
Sucre,Palmito,2018,0.5542228151970557
Sucre,Sampues,2018,1.236746881405115
Sucre,San Benito Abad,2018,0.2436327596439258
Sucre,San Juan De Betulia,2018,0.5766453985779578
Sucre,San Marcos,2018,0.42826546829265894
Sucre,San Onofre,2018,0.3086829523339239
Sucre,San Onofre (is.),2018,0.2948561374806176
Sucre,San Pedro,2018,0.5540919235577954
Sucre,Since,2018,0.3728535061097481
Sucre,Sincelejo,2018,4.748644537133433
Sucre,Sucre,2018,0.2350908768820868
Sucre,Tolu,2018,1.3095219209813571
Sucre,Toluviejo,2018,0.6477898147100106
Tolima,Alpujarra,2018,0.2617282456799621
Tolima,Alvarado,2018,0.44145795297558593
Tolima,Ambalema,2018,0.2978576316149969
Tolima,Anzoategui,2018,0.21917189205310975
Tolima,Armero (guayabal),2018,0.3462295341982863
Tolima,Ataco,2018,0.23383697773503542
Tolima,Cajamarca,2018,0.3523866195545314
Tolima,Carmen De Apicala,2018,0.6668089137899137
Tolima,Casabianca,2018,0.2207957302852017
Tolima,Chaparral,2018,0.28349360245579963
Tolima,Coello,2018,0.693628986635078
Tolima,Coyaima,2018,0.31660266390427755
Tolima,Cunday,2018,0.2718991250982526
Tolima,Dolores,2018,0.2681213378758616
Tolima,Espinal,2018,1.7013255936336447
Tolima,Falan,2018,0.3210753192533301
Tolima,Flandes,2018,1.925815726300166
Tolima,Fresno,2018,0.6712290004849645
Tolima,Guamo,2018,0.6465819025422597
Tolima,Herveo,2018,0.21887951445359866
Tolima,Honda,2018,0.3027356889288924
Tolima,Ibague,2018,2.3545393278915605
Tolima,Icononzo,2018,0.9202813382482999
Tolima,Lerida,2018,0.5531793154196035
Tolima,Libano,2018,0.5258934028934626
Tolima,Mariquita,2018,0.8175178669462358
Tolima,Melgar,2018,2.3741803287675665
Tolima,Murillo,2018,0.08420626908046508
Tolima,Natagaima,2018,0.2715383065883347
Tolima,Ortega,2018,0.40879788822452756
Tolima,Piedras,2018,0.4990941169065851
Tolima,Planadas,2018,0.24390672010461278
Tolima,Prado,2018,0.2887428077222279
Tolima,Purificacion,2018,0.7900199625959476
Tolima,Rioblanco,2018,0.22684179433526772
Tolima,Roncesvalles,2018,0.2278353536805595
Tolima,Rovira,2018,0.28350453768553857
Tolima,Salda¥a,2018,0.5274844988544544
Tolima,San Antonio,2018,0.2847489138070301
Tolima,San Luis,2018,0.379911693990083
Tolima,Santa Isabel,2018,0.1864262294348046
Tolima,Suarez,2018,0.4632377669796331
Tolima,Valle De San Juan,2018,0.3407917481646321
Tolima,Venadillo,2018,0.3784878976587181
Tolima,Villa Hermosa,2018,0.17560114810397184
Tolima,Villarrica,2018,0.2857269443270734
Valle Del Cauca,Alcala,2018,0.68081781783115
Valle Del Cauca,Andalucia,2018,1.1635614035444268
Valle Del Cauca,Ansermanuevo,2018,0.3222922876576074
Valle Del Cauca,Argelia,2018,0.3296948557469107
Valle Del Cauca,Bolivar,2018,0.25411228015833015
Valle Del Cauca,Buenaventura,2018,0.35941203162869456
Valle Del Cauca,Buenaventura (is.),2018,0.21577110661428625
Valle Del Cauca,Buga,2018,0.816145877926231
Valle Del Cauca,Bugalagrande,2018,0.93175748585367
Valle Del Cauca,Caicedonia,2018,0.6996988585057972
Valle Del Cauca,Cali,2018,11.916371087881322
Valle Del Cauca,Calima  (darien),2018,0.3059584128665725
Valle Del Cauca,Candelaria,2018,8.011292369879326
Valle Del Cauca,Cartago,2018,1.9078739850757827
Valle Del Cauca,Dagua,2018,0.45694161477237244
Valle Del Cauca,El Aguila,2018,0.2728664116415852
Valle Del Cauca,El Cairo,2018,0.2247587249945172
Valle Del Cauca,El Cerrito,2018,0.9684227289067673
Valle Del Cauca,El Dovio,2018,0.3279142772223253
Valle Del Cauca,Florida,2018,1.0553104899004184
Valle Del Cauca,Ginebra,2018,0.7021357375017245
Valle Del Cauca,Guacari,2018,0.9276721442532919
Valle Del Cauca,Jamundi,2018,1.2561728797421827
Valle Del Cauca,La Cumbre,2018,0.7087453487199172
Valle Del Cauca,La Union,2018,1.2775290070882963
Valle Del Cauca,La Victoria,2018,0.5047865358950293
Valle Del Cauca,Name Unknown,2018,0.19145386057217517
Valle Del Cauca,Obando,2018,0.5173784992406133
Valle Del Cauca,Palmira,2018,4.983527980528987
Valle Del Cauca,Pradera,2018,1.1513886645173739
Valle Del Cauca,Restrepo,2018,0.8450617339429988
Valle Del Cauca,Riofrio,2018,0.3700669639977944
Valle Del Cauca,Roldanillo,2018,0.4820746034348502
Valle Del Cauca,San Pedro,2018,0.8515061618909494
Valle Del Cauca,Sevilla,2018,0.36913072309669537
Valle Del Cauca,Toro,2018,0.41648846078313756
Valle Del Cauca,Trujillo,2018,0.34528341108783533
Valle Del Cauca,Tulua,2018,1.8043575124898186
Valle Del Cauca,Ulloa,2018,0.8228230787631414
Valle Del Cauca,Versalles,2018,0.27608489306842443
Valle Del Cauca,Vijes,2018,0.5343457407308944
Valle Del Cauca,Yotoco,2018,0.5760740430226833
Valle Del Cauca,Yumbo,2018,4.737460794338704
Valle Del Cauca,Zarzal,2018,1.1463555816309137
Vaupes,Caruru,2018,0.2000947083732807
Vaupes,Mitu,2018,0.20801083655763758
Vaupes,Papunahua,2018,0.21020849427433558
Vaupes,Yavarate,2018,0.2086974999509206
Vichada,Cumaribo,2018,0.22855303432082077
Vichada,La Primavera,2018,0.24917716517467764
Vichada,Puerto Carreno,2018,0.24768021618400363
Vichada,San Jose De Ocune,2018,0.19800158447730948
Vichada,Santa Rita,2018,0.21269134824318317
Vichada,Santa Rosalia,2018,0.25147973709770904
Buenaventura,Isla,2018,0.34058007903687365
Amazonas,El Encanto,2018,0.19024812197583546
Amazonas,La Chorrera,2018,0.18801558824751188
Amazonas,La Pedrera,2018,0.18538845244200713
Amazonas,Leticia,2018,0.21204389834475773
Amazonas,Miriti Parana,2018,0.1810095833612663
Amazonas,Puerto Narino,2018,0.1994069563321179
Amazonas,Puerto Santander,2018,0.1790985322750216
Amazonas,Tarapaca,2018,0.18260337158290002
Caqueta,Solano,2018,0.2102772680747021
Putumayo,Puerto Leguizamo,2018,0.22165775678471128
Vaupes,Pacoa,2018,0.18516381891414688
Vaupes,Taraira,2018,0.1840730982575647
Antioquia,Abejorral,2024,0.34983942446412614
Antioquia,Abriaqui,2024,0.2518655075397967
Antioquia,Alejandria,2024,0.33686106808770455
Antioquia,Amaga,2024,1.4147155671835843
Antioquia,Amalfi,2024,0.31339970223843205
Antioquia,Andes,2024,0.29961301141807967
Antioquia,Angelopolis,2024,0.6564873709488631
Antioquia,Angostura,2024,0.41242951321251825
Antioquia,Anori,2024,0.2977161081397528
Antioquia,Antioquia,2024,0.5068117802896276
Antioquia,Anza,2024,0.3276072452191202
Antioquia,Apartado,2024,0.8606592266364805
Antioquia,Arboletes,2024,0.40884825291546656
Antioquia,Argelia,2024,0.2600055879793823
Antioquia,Armenia,2024,0.4107926065704505
Antioquia,Barbosa,2024,2.288141756640718
Antioquia,Bello,2024,7.5857328780683115
Antioquia,Belmira,2024,0.27404320356644674
Antioquia,Betania,2024,0.24657142421916145
Antioquia,Betulia,2024,0.3393333221608012
Antioquia,Bolivar,2024,0.4277444046815217
Antioquia,Briceno,2024,0.38620411328834087
Antioquia,Buritica,2024,0.5607950628233287
Antioquia,Caceres,2024,0.35085895105216086
Antioquia,Caicedo,2024,0.327247919476081
Antioquia,Caldas,2024,1.5683301794226165
Antioquia,Campamento,2024,0.3984405310992299
Antioquia,Canasgordas,2024,0.3693673531283166
Antioquia,Caracoli,2024,0.29726953273903456
Antioquia,Caramanta,2024,0.4694704042180134
Antioquia,Carepa,2024,0.718227212439102
Antioquia,Carmen De Viboral,2024,1.3337271336230647
Antioquia,Carolina,2024,0.3804628128517378
Antioquia,Caucasia,2024,0.6106376728657009
Antioquia,Chigorodo,2024,0.42036671025026284
Antioquia,Cisneros,2024,1.370816541642033
Antioquia,Cocorna,2024,0.5300180224881608
Antioquia,Concepcion,2024,0.3785234013575821
Antioquia,Concordia,2024,0.45394892582311575
Antioquia,Copacabana,2024,7.344681505811012
Antioquia,Dabeiba,2024,0.29755718840674816
Antioquia,Don Matias,2024,0.8605829149518209
Antioquia,Ebejico,2024,0.4856789403589969
Antioquia,El Bagre,2024,0.4223868041544823
Antioquia,Entrerrios,2024,0.35330683805304336
Antioquia,Envigado,2024,16.65270554651084
Antioquia,Fredonia,2024,0.6439992544944035
Antioquia,Frontino,2024,0.301640115863901
Antioquia,Giraldo,2024,0.6872330051189453
Antioquia,Girardota,2024,5.655196804422703
Antioquia,Gomez Plata,2024,0.3976042992245872
Antioquia,Granada,2024,0.49505721341773484
Antioquia,Guadalupe,2024,0.3461187546124306
Antioquia,Guarne,2024,3.373724721653258
Antioquia,Guatape,2024,1.0288046976489804
Antioquia,Heliconia,2024,0.5488767420215217
Antioquia,Hispania,2024,0.368688742649817
Antioquia,Itagui,2024,20.444396298744206
Antioquia,Ituango,2024,0.2803526561439802
Antioquia,Jardin,2024,0.3639611651468146
Antioquia,Jerico,2024,0.5761940835766577
Antioquia,La Ceja,2024,3.633412026195042
Antioquia,La Estrella,2024,2.0702132393789276
Antioquia,La Union,2024,0.8348178768641624
Antioquia,Liborina,2024,0.376147109126491
Antioquia,Maceo,2024,0.4550683830393686
Antioquia,Marinilla,2024,5.405607855459411
Antioquia,Medellin,2024,16.36004734254656
Antioquia,Montebello,2024,0.559979028933313
Antioquia,Murindo,2024,0.23854828867904251
Antioquia,Mutata,2024,0.29041454666101785
Antioquia,Narino,2024,0.2831988463497136
Antioquia,Nechi,2024,0.3273873163734505
Antioquia,Necocli,2024,0.33259628654243084
Antioquia,Necocli (is.),2024,0.17932676777644416
Antioquia,Olaya,2024,0.6986955259335237
Antioquia,Penol,2024,0.9674520686623782
Antioquia,Peque,2024,0.2726198227632865
Antioquia,Pto Nare (la Magd.),2024,0.3453586071813657
Antioquia,Pueblorrico,2024,0.5587487246323188
Antioquia,Puerto Berrio,2024,0.31823932148763673
Antioquia,Puerto Triunfo,2024,0.8263656683411337
Antioquia,Remedios,2024,0.34920081918984053
Antioquia,Retiro,2024,2.006179920880823
Antioquia,Rionegro,2024,6.621377166310864
Antioquia,Sabanalarga,2024,0.3532773998176992
Antioquia,Sabaneta,2024,12.155846148289191
Antioquia,Salgar,2024,0.30688466148768095
Antioquia,San Andres,2024,0.36127871519790444
Antioquia,San Carlos,2024,0.3875306938427569
Antioquia,San Francisco,2024,0.28791603248396214
Antioquia,San Jeronimo,2024,1.354250853271332
Antioquia,San Jose De La Montana,2024,0.2548698620719296
Antioquia,San Juan De Uraba,2024,0.4032894786086342
Antioquia,San Luis,2024,0.3841412002737341
Antioquia,San Pedro,2024,0.7734849280602797
Antioquia,San Pedro De Uraba,2024,0.3704595336091204
Antioquia,San Rafael,2024,0.45462912446575326
Antioquia,San Roque,2024,0.36583017496564385
Antioquia,San Vicente,2024,1.0037747726274242
Antioquia,Santa Barbara,2024,0.6783436376730572
Antioquia,Santa Rosa De Osos,2024,0.4531957231796549
Antioquia,Santo Domingo,2024,0.4741500792063391
Antioquia,Santuario,2024,2.9690483551073017
Antioquia,Segovia,2024,0.4389916030874995
Antioquia,Sonson,2024,0.3515293910043469
Antioquia,Sopetran,2024,1.4196850175460616
Antioquia,Tamesis,2024,0.4141887844563573
Antioquia,Taraza,2024,0.3005337151189361
Antioquia,Tarso,2024,0.45505929872228723
Antioquia,Titiribi,2024,0.5634017290660855
Antioquia,Toledo,2024,0.37049691432675125
Antioquia,Turbo,2024,0.35597255996703003
Antioquia,Turbo (is.),2024,0.16403744682746454
Antioquia,Uramita,2024,0.32663590705387363
Antioquia,Urrao,2024,0.29757898569833574
Antioquia,Valdivia,2024,0.31794214101291063
Antioquia,Valparaiso,2024,0.4797451510211622
Antioquia,Vegachi,2024,0.38169091706203695
Antioquia,Venecia,2024,0.7498461745982363
Antioquia,Vigia Del Fuerte,2024,0.25204002303616163
Antioquia,Yali,2024,0.3637803219303002
Antioquia,Yarumal,2024,0.4161199941327911
Antioquia,Yolombo,2024,0.39540679280618857
Antioquia,Yondo,2024,0.40615381774612447
Antioquia,Zaragoza,2024,0.4152254527041937
Arauca,Arauca,2024,0.364474082102956
Arauca,Arauquita,2024,0.4348091853014854
Arauca,Cravo Norte,2024,0.2628870960403863
Arauca,Fortul,2024,0.33261711406064615
Arauca,Puerto Rondon,2024,0.4026204654056087
Arauca,Saravena,2024,1.122706621462912
Arauca,Tame,2024,0.3683394697646006
Atlantico,Baranoa,2024,3.278289444387854
Atlantico,Barranquilla  (dist.port.,2024,6.60925482897593
Atlantico,Campo De La Cruz,2024,1.3426517350097444
Atlantico,Candelaria,2024,0.8832829064642365
Atlantico,Galapa,2024,7.106896710214993
Atlantico,Juan De Acosta,2024,1.0421907702647726
Atlantico,Luruaco,2024,0.7738187913397104
Atlantico,Malambo,2024,7.94060774776165
Atlantico,Manati,2024,1.032690939498415
Atlantico,Palmar De Varela,2024,1.8953436065034794
Atlantico,Piojo,2024,0.5093915488180024
Atlantico,Polo Nuevo,2024,2.1763688789276645
Atlantico,Ponedera,2024,1.036453995491894
Atlantico,Puerto Colombia,2024,8.95915613933456
Atlantico,Repelon,2024,0.7398537698483622
Atlantico,Sabanagrande,2024,9.862554811572217
Atlantico,Sabanalarga,2024,1.6751406512264209
Atlantico,Santa Lucia,2024,1.1928650369121752
Atlantico,Santo Tomas,2024,3.9069414399802183
Atlantico,Soledad,2024,41.52493167543693
Atlantico,Suan,2024,0.918107849420653
Atlantico,Tubara,2024,1.6550065203628788
Atlantico,Usiacuri,2024,1.0566209874121095
Bolivar,Achi,2024,0.32006758919396694
Bolivar,Altos Del Rosario,2024,0.31037332924680855
Bolivar,Arjona,2024,0.9282686736958952
Bolivar,Barranco De Loba,2024,0.3055465064388306
Bolivar,Calamar,2024,0.5596888520637553
Bolivar,Cantagallo,2024,0.2871318091921214
Bolivar,Cartagena (dist. Esp.),2024,12.171995655249207
Bolivar,Cartagena (dist. Esp.) (i,2024,3.090564523778803
Bolivar,Cicuco,2024,1.139756308461342
Bolivar,Cordoba,2024,0.41893588355884115
Bolivar,El Carmen De Bolivar,2024,0.562179505534772
Bolivar,El Guamo,2024,0.3628373649565763
Bolivar,Hatillo De Loba,2024,0.5945477691283554
Bolivar,Magangue,2024,0.562542794743947
Bolivar,Mahates,2024,0.5805357968284898
Bolivar,Margarita,2024,0.35973902379188094
Bolivar,Maria La Baja,2024,0.6023178941788982
Bolivar,Mompos,2024,0.3602424894677643
Bolivar,Montecristo,2024,0.2838656354225359
Bolivar,Morales,2024,0.3181286027794815
Bolivar,Pinillos,2024,0.27919175057673634
Bolivar,Rio Viejo,2024,0.31013165265069387
Bolivar,San Estanislao,2024,0.8441246940827966
Bolivar,San Fernando,2024,0.3284486203658833
Bolivar,San Jacinto,2024,0.5828014376647787
Bolivar,San Juan Nepomuceno,2024,0.5120165531250501
Bolivar,San Martin De Loba,2024,0.4271478177723903
Bolivar,San Pablo,2024,0.2895261258159406
Bolivar,Santa Catalina,2024,1.1459357049051975
Bolivar,Santa Rosa,2024,1.9869509020516012
Bolivar,Santa Rosa Del Sur,2024,0.29838663276003624
Bolivar,Simiti,2024,0.34132576170368206
Bolivar,Soplaviento,2024,0.7392976309027383
Bolivar,Talaigua Nuevo,2024,0.5981140925175816
Bolivar,Tiquisio,2024,0.2753040241279567
Bolivar,Turbaco,2024,4.344275783255244
Bolivar,Turbana,2024,1.2985735630959765
Bolivar,Villanueva,2024,1.000106159407995
Bolivar,Zambrano,2024,0.33821038867597253
Boyaca,Almeida,2024,0.261139678185418
Boyaca,Aquitania,2024,0.3088543196484227
Boyaca,Arcabuco,2024,0.3624434440258174
Boyaca,Belen,2024,0.598849259437478
Boyaca,Berbeo,2024,1.0261017639384555
Boyaca,Beteitiva,2024,0.5682581967389733
Boyaca,Boavita,2024,0.4000384795973647
Boyaca,Boyaca,2024,0.5817407060546808
Boyaca,Brice¥o,2024,0.40637269095964157
Boyaca,Buenavista,2024,0.33631319259413867
Boyaca,Busbanza,2024,0.8989670960772539
Boyaca,Caldas,2024,0.3387209333745154
Boyaca,Campohermoso,2024,0.3182420561636149
Boyaca,Cerinza,2024,0.33325997624135306
Boyaca,Chinavita,2024,0.4043710487679985
Boyaca,Chiquinquira,2024,2.459290241343642
Boyaca,Chiquiza,2024,0.9273895922954403
Boyaca,Chiscas,2024,0.2911561416457949
Boyaca,Chita,2024,0.31407318633428505
Boyaca,Chitaraque,2024,0.37218551855417487
Boyaca,Chivata,2024,1.2952702849411402
Boyaca,Chivor,2024,0.3024464995685254
Boyaca,Cienega,2024,0.4726983431899244
Boyaca,Combita,2024,1.4805000305416578
Boyaca,Coper,2024,0.30969251601707565
Boyaca,Corrales,2024,6.2554716269555275
Boyaca,Covarachia,2024,0.31097965249926385
Boyaca,Cubara,2024,0.30682259963436
Boyaca,Cucaita,2024,3.4255925991334575
Boyaca,Cuitiva,2024,0.45236367651544307
Boyaca,Duitama,2024,3.258347043764361
Boyaca,El Cocuy,2024,0.28523148957622296
Boyaca,El Espino,2024,0.5546662879747798
Boyaca,Firavitoba,2024,0.763189297687258
Boyaca,Floresta,2024,1.939073631373017
Boyaca,Gachantiva,2024,0.6197827211938068
Boyaca,Gameza,2024,0.7773003579030794
Boyaca,Garagoa,2024,0.5829848554537296
Boyaca,Guacamayas,2024,0.4285244132954823
Boyaca,Guateque,2024,0.6049082038252486
Boyaca,Guayata,2024,0.27133117166813336
Boyaca,Guican,2024,0.3077994641839563
Boyaca,Iza,2024,0.8166739915330018
Boyaca,Jenesano,2024,0.6506120035382372
Boyaca,Jerico,2024,0.31156742691206635
Boyaca,La Capilla,2024,0.3472080623440081
Boyaca,La Uvita,2024,0.39225122885783764
Boyaca,La Victoria,2024,0.27994934948520334
Boyaca,Labranzagrande,2024,0.3288886463395583
Boyaca,Macanal,2024,0.4500554723659743
Boyaca,Maripi,2024,0.46668390864456655
Boyaca,Miraflores,2024,0.3008394639666206
Boyaca,Mongua,2024,0.34556882300751685
Boyaca,Mongui,2024,0.4839717834756413
Boyaca,Moniquira,2024,0.9657486523783181
Boyaca,Motavita,2024,0.5717723120064604
Boyaca,Muzo,2024,0.36617794831443895
Boyaca,Nobsa,2024,9.367259717749647
Boyaca,Nuevo Colon,2024,0.83532327595345
Boyaca,Oicata,2024,7.072947811123232
Boyaca,Otanche,2024,0.3155093801257565
Boyaca,Pachavita,2024,0.3892866100132732
Boyaca,Paez,2024,0.3675346677083914
Boyaca,Paipa,2024,1.1581770373097706
Boyaca,Pajarito,2024,0.4040417240581039
Boyaca,Panqueba,2024,0.651554674967195
Boyaca,Pauna,2024,0.34934451782665205
Boyaca,Paya,2024,0.3900410948920872
Boyaca,Paz De Rio,2024,0.5101440698052603
Boyaca,Pesca,2024,0.4066633527016046
Boyaca,Pisva,2024,0.28786964681932664
Boyaca,Puerto Boyaca,2024,0.7558638739560134
Boyaca,Quipama,2024,0.30295769396986494
Boyaca,Ramiriqui,2024,0.4917499802774537
Boyaca,Raquira,2024,0.4907269021089651
Boyaca,Rondon,2024,0.2816106262628463
Boyaca,Saboya,2024,0.41069468572991247
Boyaca,Sachica,2024,0.447854081733964
Boyaca,Samaca,2024,1.5326714101246683
Boyaca,San Eduardo,2024,0.41422434979662187
Boyaca,San Jose De Pare,2024,0.9800461561059451
Boyaca,San Luis De Gaceno,2024,0.44513924269083605
Boyaca,San Mateo,2024,0.47408458697508543
Boyaca,San Miguel De Sema,2024,0.44857706538576764
Boyaca,San Pablo De Borbur,2024,0.42751077519678415
Boyaca,Santa Rosa De Viterbo,2024,1.9661364572015179
Boyaca,Santa Sofia,2024,0.42949533105255194
Boyaca,Santamaria,2024,0.35457917556413543
Boyaca,Santana,2024,0.6808666911398167
Boyaca,Sativanorte,2024,0.4332648232949346
Boyaca,Sativasur,2024,0.33210057989060565
Boyaca,Siachoque,2024,0.5105827627388283
Boyaca,Soata,2024,0.3757321723856776
Boyaca,Socha,2024,0.5008215827372512
Boyaca,Socota,2024,0.3251464428856209
Boyaca,Sogamoso,2024,3.2408517481806713
Boyaca,Somondoco,2024,0.2824029412040016
Boyaca,Sora,2024,0.5625475917976891
Boyaca,Soraca,2024,1.0792325961397655
Boyaca,Sotaquira,2024,0.6022252694646895
Boyaca,Susacon,2024,0.2851747154798597
Boyaca,Sutamarchan,2024,0.7660741601087168
Boyaca,Sutatenza,2024,1.415369079183969
Boyaca,Tasco,2024,0.4886935671949745
Boyaca,Tenza,2024,0.6353450977429672
Boyaca,Tibabosa,2024,1.6104975616096509
Boyaca,Tibana,2024,0.42244834995064323
Boyaca,Tinjaca,2024,0.49140700581594304
Boyaca,Tipacoque,2024,0.3081721564969637
Boyaca,Toca,2024,0.6908626990203277
Boyaca,Togui,2024,0.5172346233228545
Boyaca,Topaga,2024,2.0097216882019646
Boyaca,Tota,2024,0.26931816969978395
Boyaca,Tunja,2024,4.192051110259083
Boyaca,Tunungua,2024,0.31275664572952083
Boyaca,Turmeque,2024,0.4934617411653246
Boyaca,Tuta,2024,1.0470925062008287
Boyaca,Tutasa,2024,0.34133243923868334
Boyaca,Umbita,2024,0.3300368368766005
Boyaca,Ventaquemada,2024,0.7402451332001284
Boyaca,Villa De Leyva,2024,1.6584210420187377
Boyaca,Viracacha,2024,1.3662477546398581
Boyaca,Zetaquira,2024,0.3265964759427917
Caldas,Aguadas,2024,0.43620720715970457
Caldas,Anserma,2024,0.8137313118045517
Caldas,Aranzazu,2024,0.5082662525766756
Caldas,Belalcazar,2024,0.874228125593962
Caldas,Chinchina,2024,0.9775471034478195
Caldas,Filadelfia,2024,0.47039004718149685
Caldas,La Dorada,2024,0.3856687617372584
Caldas,La Merced,2024,0.5944318846095721
Caldas,Manizales,2024,4.739681982532608
Caldas,Manzanares,2024,0.45203761820966537
Caldas,Marmato,2024,0.6574478562377627
Caldas,Marquetalia,2024,0.42369106670114304
Caldas,Marulanda,2024,0.19764732988962017
Caldas,Neira,2024,0.5185075606944508
Caldas,Pacora,2024,0.5669930708733504
Caldas,Palestina,2024,0.8848066043409508
Caldas,Pensilvania,2024,0.2909753447707002
Caldas,Riosucio,2024,0.34902014501549355
Caldas,Risaralda,2024,0.7226528830325413
Caldas,Salamina,2024,0.4227910461946072
Caldas,Samana,2024,0.3309242795968346
Caldas,Supia,2024,1.354261884606633
Caldas,Victoria,2024,0.35737204399870787
Caldas,Villamaria,2024,0.6600534158770587
Caldas,Viterbo,2024,0.6208234978277636
Caqueta,Albania,2024,0.3293195028000753
Caqueta,Belen De Los Andaquies,2024,0.27351852442208296
Caqueta,Cartagena Del Chaira,2024,0.2940713239216932
Caqueta,Curillo,2024,0.2913204260574171
Caqueta,El Doncello,2024,0.324476926104151
Caqueta,El Paujil,2024,0.3572066990291501
Caqueta,Florencia,2024,0.5256292904800502
Caqueta,La Montanita,2024,0.33782191839030196
Caqueta,Milan,2024,0.29588460677953343
Caqueta,Morelia,2024,0.31905161806943855
Caqueta,Puerto Rico,2024,0.30291409566298416
Caqueta,San Jose De Fragua,2024,0.25237881466326784
Caqueta,San Vicente Del Caguan,2024,0.2913633428374752
Caqueta,Valparaiso,2024,0.3052651243933863
Casanare,Aguazul,2024,4.504665824554263
Casanare,Chameza,2024,0.34363339219387906
Casanare,Hato Corozal,2024,0.3029964756015348
Casanare,La Salina,2024,0.2678993054437292
Casanare,Mani,2024,0.3612515545150231
Casanare,Monterrey,2024,0.5769620457735098
Casanare,Nunchia,2024,0.3897871048633749
Casanare,Orocue,2024,0.364316120623674
Casanare,Paz De Ariporo,2024,0.2934763108450782
Casanare,Pore,2024,0.4484379264107361
Casanare,Recetor,2024,0.3878171554557491
Casanare,Sabanalarga,2024,0.6022899435901574
Casanare,Sacama,2024,0.25948177277099027
Casanare,San Luis De Palenque,2024,0.3110148900370036
Casanare,Tamara,2024,0.2898609918272334
Casanare,Tauramena,2024,0.5722569617590237
Casanare,Trinidad,2024,0.32645794620530627
Casanare,Villanueva,2024,1.1734757694160838
Casanare,Yopal,2024,1.065713006151586
Cauca,Almaguer,2024,0.31548584052018425
Cauca,Argelia,2024,0.3179351444298673
Cauca,Balboa,2024,0.29711947159277347
Cauca,Bolivar,2024,0.335438254275621
Cauca,Buenos Aires,2024,0.4528844311822943
Cauca,Cajibio,2024,0.4055483502229767
Cauca,Caldono,2024,0.4617475126399578
Cauca,Caloto,2024,1.6296067702684667
Cauca,Corinto,2024,0.9364899634930295
Cauca,El Tambo,2024,0.3126324138890662
Cauca,Florencia,2024,0.5126869677685639
Cauca,Gorgona (is.),2024,0.12308002933537521
Cauca,Guapi,2024,0.24031569625763732
Cauca,Guapi (is.),2024,0.11784821447640327
Cauca,Inza,2024,0.3268371891650634
Cauca,Jambalo,2024,0.3757599074153479
Cauca,La Sierra,2024,0.34449894038701273
Cauca,La Vega,2024,0.30165088024662956
Cauca,Lopez De Micay,2024,0.2381366882494501
Cauca,Mercaderes,2024,0.34079096860705327
Cauca,Miranda,2024,0.9122261482272952
Cauca,Morales,2024,0.32264268755761455
Cauca,Padilla,2024,1.1402464176888683
Cauca,Paez,2024,0.3167365208635841
Cauca,Patia (el Bordo),2024,0.3569111947417084
Cauca,Piendamo,2024,0.6830612190805602
Cauca,Popayan,2024,3.4457081414881165
Cauca,Puerto Tejada,2024,3.5447202742225854
Cauca,Purace,2024,0.2714463338987878
Cauca,Rosas,2024,0.3251574269154501
Cauca,San Sebastian,2024,0.23988980724866454
Cauca,Santa Rosa,2024,0.23565051725531935
Cauca,Santander De Quilichao,2024,1.303687087451904
Cauca,Silvia,2024,0.46258400775860137
Cauca,Sotara,2024,0.4997113355645709
Cauca,Suarez,2024,0.30237093898924516
Cauca,Timbio,2024,0.5211905773387022
Cauca,Timbiqui,2024,0.2422741623312933
Cauca,Timbiqui (is.),2024,0.12955900406436888
Cauca,Toribio,2024,1.6606668860247686
Cesar,Aguachica,2024,1.0099918249276296
Cesar,Agustin Codazzi,2024,0.6040543255701191
Cesar,Astrea,2024,0.49071514158288687
Cesar,Becerril,2024,0.674227151595778
Cesar,Bosconia,2024,0.7941939233974629
Cesar,Chimichagua,2024,0.34884541851184586
Cesar,Chiriguana,2024,0.49887949066361914
Cesar,Curumani,2024,0.5268267999447598
Cesar,El Copey,2024,0.531068234297288
Cesar,El Paso,2024,0.8803479920058428
Cesar,Gamarra,2024,0.5379037547887118
Cesar,Gonzalez,2024,0.42323482787489386
Cesar,La Gloria,2024,0.4615622647572495
Cesar,La Jagua De Iribico,2024,1.2751805762401816
Cesar,La Paz,2024,0.6926993500164379
Cesar,Manaure Balcon Del Cesar,2024,0.6963786054997952
Cesar,Pailitas,2024,0.5387430889948912
Cesar,Pelaya,2024,0.42563186604309505
Cesar,Rio De Oro,2024,0.4898784771415025
Cesar,San Alberto,2024,0.4082378764805605
Cesar,San Diego,2024,0.6630877973125959
Cesar,San Martin,2024,0.6521339684240808
Cesar,Tamalameque,2024,0.47071734320188413
Cesar,Valledupar,2024,0.9298194244014593
Choco,Acandi,2024,0.26983187237583184
Choco,Alto Baudo (pie De Pato),2024,0.2502256676853256
Choco,Bagado,2024,0.24003704555282937
Choco,Bahia Solano (ciudad Muti,2024,0.17742573848939636
Choco,Bajo Baudo (is.),2024,0.15744877605558444
Choco,Bajo Baudo (pizarro),2024,0.2180987937589206
Choco,Bojaya (bella Vista),2024,0.238079073712149
Choco,Canton De San Pablo,2024,0.2798080538864391
Choco,Condoto,2024,0.27085446320114626
Choco,El Carmen,2024,0.18222367870932205
Choco,Istmina,2024,0.28290504781668274
Choco,Jurado,2024,0.20354910233892184
Choco,Jurado (is.),2024,0.5466777415321661
Choco,Litoral Del San Juan,2024,0.2789386542207682
Choco,Litoral Del San Juan (is.,2024,0.17900931453641802
Choco,Lloro,2024,0.1952369757765482
Choco,Novita,2024,0.2316402549013663
Choco,Nuqui,2024,0.17977446892418367
Choco,Quibdo,2024,0.25118846521993227
Choco,Riosucio,2024,0.228245429012727
Choco,San Jose Del Palmar,2024,0.2534080721235914
Choco,Sipi,2024,0.26544159199141376
Choco,Tado,2024,0.3346722773065076
Choco,Unguia,2024,0.24162230987966596
Cordoba,Ayapel,2024,0.35842578990519697
Cordoba,Buenavista,2024,0.38908743451791217
Cordoba,Canalete,2024,0.3680113753732491
Cordoba,Cerete,2024,2.5555747286551616
Cordoba,Chima,2024,0.508364348203699
Cordoba,Chinu,2024,0.7406666180546974
Cordoba,Cienaga De Oro,2024,0.7569509637595876
Cordoba,Lorica,2024,0.6725749609648655
Cordoba,Los Cordobas,2024,0.46785935463755446
Cordoba,Momil,2024,0.5792505882036626
Cordoba,Monitos (is.),2024,0.5730477532824164
Cordoba,Montelibano,2024,0.5044934152122748
Cordoba,Monteria,2024,1.1037533675510975
Cordoba,Mo¥itos,2024,0.44959747008566975
Cordoba,Planeta Rica,2024,0.5485650130704509
Cordoba,Pueblo Nuevo,2024,0.42137666482113895
Cordoba,Puerto Escondido,2024,0.4056223318576701
Cordoba,Puerto Libertador,2024,0.33983004210090373
Cordoba,Purisima,2024,1.066933516976707
Cordoba,Sahagun,2024,0.8575422522808971
Cordoba,San Andres De Sotavento,2024,1.1944038135943789
Cordoba,San Antero,2024,1.066818529467576
Cordoba,San Bernardo El Viento,2024,0.49899563468705477
Cordoba,San Bernardo El Viento (i,2024,0.2720097363319086
Cordoba,San Carlos,2024,0.7158386802294421
Cordoba,San Pelayo,2024,0.6884764066399444
Cordoba,Tierralta,2024,0.29610346772608415
Cordoba,Valencia,2024,0.37626251084447526
Cundinamarca,Agua De Dios,2024,1.1756437104856092
Cundinamarca,Alban,2024,0.9023385878301811
Cundinamarca,Anapoima,2024,1.2488886601756708
Cundinamarca,Anolaima,2024,0.7656388673175428
Cundinamarca,Apulo (rafael Reyes),2024,0.8840398742507303
Cundinamarca,Arbelaez,2024,0.6346297442080354
Cundinamarca,Beltran,2024,0.5054243865759976
Cundinamarca,Bituima,2024,0.5606980554160159
Cundinamarca,Bojaca,2024,1.2878343812329291
Cundinamarca,Cabrera,2024,0.28001060584123283
Cundinamarca,Cachipay,2024,0.9105678633449185
Cundinamarca,Cajica,2024,12.46917050339238
Cundinamarca,Caparrapi,2024,0.4036110991561239
Cundinamarca,Caqueza,2024,1.1603638583212847
Cundinamarca,Carmen De Carupa,2024,0.3056302135460879
Cundinamarca,Chaguani,2024,0.39748550690676515
Cundinamarca,Chia,2024,16.277854950147663
Cundinamarca,Chipaque,2024,2.128811630653823
Cundinamarca,Choachi,2024,0.8369040464726007
Cundinamarca,Choconta,2024,0.7184727076050434
Cundinamarca,Cogua,2024,3.3089067151345346
Cundinamarca,Cota,2024,13.134008486274562
Cundinamarca,Cucunuba,2024,1.9592872707966364
Cundinamarca,El Colegio,2024,1.635287306168512
Cundinamarca,El Pe¥on,2024,0.40153034368970536
Cundinamarca,Facatativa,2024,3.0474071678545664
Cundinamarca,Fomeque,2024,0.48976322730435745
Cundinamarca,Fosca,2024,0.4225323296480969
Cundinamarca,Funza,2024,19.033752190267666
Cundinamarca,Fuquene,2024,0.8587191699843871
Cundinamarca,Fusagasuga,2024,3.031971575488931
Cundinamarca,Gachala,2024,0.30106792559856754
Cundinamarca,Gachancipa,2024,7.820348648156002
Cundinamarca,Gacheta,2024,0.3433985692601592
Cundinamarca,Gama,2024,0.2728653419469952
Cundinamarca,Girardot,2024,6.306556217309872
Cundinamarca,Guacheta,2024,1.7813202762887723
Cundinamarca,Guaduas,2024,0.6393801628919186
Cundinamarca,Guasca,2024,0.9653556951741112
Cundinamarca,Guataqui,2024,0.7005347710905631
Cundinamarca,Guatavita,2024,1.0057612266504328
Cundinamarca,Guayabal De Siquima,2024,0.5048384221611723
Cundinamarca,Guayabetal,2024,0.43477914615678886
Cundinamarca,Gutierrez,2024,0.27617092375200847
Cundinamarca,Jerusalen,2024,0.4057555747534859
Cundinamarca,Junin,2024,0.3266464055167495
Cundinamarca,La Calera,2024,2.9814934919095633
Cundinamarca,La Mesa,2024,2.1407465021086813
Cundinamarca,La Palma,2024,0.47073335199365923
Cundinamarca,La Pe¥a,2024,0.44343794702403133
Cundinamarca,La Vega,2024,0.8063717166274955
Cundinamarca,Lenguazaque,2024,1.1605176944911175
Cundinamarca,Macheta,2024,0.3802465281515729
Cundinamarca,Madrid,2024,7.464724777381038
Cundinamarca,Manta,2024,0.2613043427881559
Cundinamarca,Medina,2024,0.3899149095811515
Cundinamarca,Mosquera,2024,3.2500055136470962
Cundinamarca,Nari¥o,2024,0.8679060134372782
Cundinamarca,Nemocon,2024,2.309163244398294
Cundinamarca,Nilo,2024,1.226259184973415
Cundinamarca,Nimaima,2024,0.5918412979202999
Cundinamarca,Nocaima,2024,0.7814262096876949
Cundinamarca,Pacho,2024,0.5769948177636066
Cundinamarca,Paime,2024,0.32845711712996445
Cundinamarca,Pandi,2024,0.7835177253972986
Cundinamarca,Paratebueno,2024,0.3738354080283693
Cundinamarca,Pasca,2024,0.5897494304154773
Cundinamarca,Puerto Salgar,2024,0.8876355682289653
Cundinamarca,Puli,2024,0.3495401668983763
Cundinamarca,Quebradanegra,2024,0.5341724333550824
Cundinamarca,Quetame,2024,0.59028506393211
Cundinamarca,Quipile,2024,0.4340563871760368
Cundinamarca,Ricaurte,2024,5.175699287430108
Cundinamarca,San Antonio Del Tequendam,2024,1.4846494695835575
Cundinamarca,San Bernardo,2024,0.33843077754234013
Cundinamarca,San Cayetano,2024,0.31146254175748206
Cundinamarca,San Francisco,2024,1.0000927888921902
Cundinamarca,San Juan De Rio Seco,2024,0.4048632754656238
Cundinamarca,Santafe De Bogota D.c.,2024,15.165531889873321
Cundinamarca,Sasaima,2024,0.9602394227320228
Cundinamarca,Sesquile,2024,1.8660082205355215
Cundinamarca,Sibate,2024,1.485412465330489
Cundinamarca,Silvania,2024,1.5796257375852303
Cundinamarca,Simijaca,2024,0.6910162463456045
Cundinamarca,Soacha,2024,5.351908381877292
Cundinamarca,Sopo,2024,5.2615201060798436
Cundinamarca,Subachoque,2024,1.404932832102029
Cundinamarca,Suesca,2024,1.180302284519097
Cundinamarca,Supata,2024,0.49433847547863763
Cundinamarca,Susa,2024,0.5899075289668911
Cundinamarca,Sutatausa,2024,1.1798878844141132
Cundinamarca,Tabio,2024,3.132317186090664
Cundinamarca,Tausa,2024,0.4609934746529625
Cundinamarca,Tena,2024,1.347656747150447
Cundinamarca,Tenjo,2024,5.875020268591854
Cundinamarca,Tibacuy,2024,0.7573344860727933
Cundinamarca,Tibirita,2024,0.4725549451663147
Cundinamarca,Tocaima,2024,0.9309814394082649
Cundinamarca,Tocancipa,2024,10.79779247988002
Cundinamarca,Topaipi,2024,0.36146972728473586
Cundinamarca,Ubala,2024,0.31822551894076423
Cundinamarca,Ubaque,2024,0.8922165111704927
Cundinamarca,Ubate,2024,1.86442754945449
Cundinamarca,Une,2024,0.4112654778585091
Cundinamarca,Utica,2024,0.5012788074184692
Cundinamarca,Venecia (ospina Perez),2024,0.3241691512748303
Cundinamarca,Vergara,2024,0.4572258366078476
Cundinamarca,Viani,2024,0.40330236241550654
Cundinamarca,Villagomez,2024,0.435205085774002
Cundinamarca,Villapinzon,2024,0.9199476961479323
Cundinamarca,Villeta,2024,1.1701088316159496
Cundinamarca,Viota,2024,0.7725604934868038
Cundinamarca,Yacopi,2024,0.30852694363089594
Cundinamarca,Zipacon,2024,1.2997415606129379
Cundinamarca,Zipaquira,2024,3.433036022008947
Guainia,Barranco Minas,2024,0.26559470882554836
Guainia,Cacahual,2024,0.247708690094864
Guainia,Inirida,2024,0.2692267627706643
Guainia,La Guadalupe,2024,0.2582662462846762
Guainia,Pana Pana,2024,0.27814971225394425
Guainia,Puerto Colombia,2024,0.27693801712841287
Guainia,San Felipe,2024,0.2810625977533194
Guajira,Barrancas,2024,1.7065574194815412
Guajira,El Molino,2024,0.3639623863684211
Guajira,Fonseca,2024,0.7094162469756153
Guajira,Hato Nuevo,2024,2.581588196364993
Guajira,Maicao,2024,1.2416037835683775
Guajira,Manaure,2024,0.7150707887267599
Guajira,Riohacha,2024,0.5017349578530798
Guajira,San Juan Del Cesar,2024,0.6539214578603045
Guajira,Uribia,2024,0.3895110479882547
Guajira,Urumita,2024,0.9237766404681422
Guajira,Villanueva,2024,0.9847161536981782
Guaviare,Calamar,2024,0.2758818898220492
Guaviare,El Retorno,2024,0.2672140456256909
Guaviare,Miraflores,2024,0.25111869495983
Guaviare,San Jose Del Guaviare,2024,0.2791600540912581
Huila,Acevedo,2024,0.3910385107818097
Huila,Agrado,2024,0.5193868035031977
Huila,Aipe,2024,0.4363405369826416
Huila,Algeciras,2024,0.3224297627681259
Huila,Altamira,2024,0.5698190102016534
Huila,Baraya,2024,0.339957622176602
Huila,Campo Alegre,2024,0.9383557811417031
Huila,Colombia,2024,0.27295409826642314
Huila,Elias,2024,0.5695835946075547
Huila,Garzon,2024,0.8972281113625817
Huila,Gigante,2024,0.6607602710320551
Huila,Guadalupe,2024,0.49058834089602116
Huila,Hobo,2024,0.4871121765080615
Huila,Iquira,2024,0.29684783762943656
Huila,Isnos,2024,0.4207782381493058
Huila,La Argentina,2024,0.250613083578972
Huila,La Plata,2024,0.4030002104698251
Huila,Nataga,2024,0.32666677023318513
Huila,Neiva,2024,1.7475790573170569
Huila,Oporapa,2024,0.45063196757123913
Huila,Paicol,2024,0.4539898985458101
Huila,Palermo,2024,0.6317361529079937
Huila,Palestina,2024,0.2548521049399774
Huila,Pital,2024,0.3807905779896769
Huila,Pitalito,2024,0.9205099140584716
Huila,Rivera,2024,0.8578144025022134
Huila,Salado Blanco,2024,0.2755310658651445
Huila,San Agustin,2024,0.21660281633171352
Huila,Santa Maria,2024,0.25437186154040914
Huila,Suaza,2024,0.4548204916082546
Huila,Tarqui,2024,0.4612046410864342
Huila,Tello,2024,0.5138315596693273
Huila,Teruel,2024,0.28800126474262716
Huila,Tesalia,2024,0.5058133849836839
Huila,Timana,2024,0.8440566693590019
Huila,Villa Vieja,2024,0.5474844874838137
Huila,Yaguara,2024,0.7385301455762516
Magdalena,Aracataca,2024,0.5388566870360699
Magdalena,Ariguani,2024,0.43802062583760465
Magdalena,Cerro San Antonio,2024,0.812450736329287
Magdalena,Chivolo,2024,0.37642267700001997
Magdalena,Cienaga,2024,0.8577047502815165
Magdalena,El Banco,2024,0.6077654337955114
Magdalena,El Pi¥on,2024,0.45332255860241005
Magdalena,Fundacion,2024,0.41543449143820255
Magdalena,Guamal,2024,0.526478718009743
Magdalena,Pedraza,2024,0.42721133561157887
Magdalena,Pivijay,2024,0.4407812604012948
Magdalena,Plato,2024,0.46694888588453337
Magdalena,Pueblo Viejo,2024,0.37433055472585436
Magdalena,Remolino,2024,0.5422189705981474
Magdalena,Salamina,2024,0.6269423565132509
Magdalena,San Sebastian De Buenavis,2024,0.5186324889355263
Magdalena,San Zenon,2024,0.8694177215740067
Magdalena,Santa Ana,2024,0.4225238665467909
Magdalena,Santa Marta (dist. Esp.),2024,1.7223671257936308
Magdalena,Santa Marta (dist. Esp.)(,2024,0.4963556512808189
Magdalena,Tenerife,2024,0.7843465619147368
Meta,Acacias,2024,2.370694769558329
Meta,Barranca De Upia,2024,0.5938902827043158
Meta,Cabuyaro,2024,0.5579348567054457
Meta,Castilla La Nueva,2024,2.1516941049314755
Meta,Cubarral,2024,0.2899172690306328
Meta,Cumaral,2024,0.6570850132705672
Meta,El Calvario,2024,0.31104911748336617
Meta,El Castillo,2024,0.4059772318914349
Meta,El Dorado,2024,0.4291588157295131
Meta,Fuente De Oro,2024,0.38338460617843667
Meta,Granada,2024,2.152389403499729
Meta,Guamal,2024,0.6653471120887636
Meta,La Macarena,2024,0.30711967426055814
Meta,La Uribe,2024,0.25804541720437096
Meta,Lejanias,2024,0.37377483397061984
Meta,Mapiripan,2024,0.27212603666036916
Meta,Mesetas,2024,0.28938731027092257
Meta,Puerto Concordia,2024,0.32430023339518105
Meta,Puerto Gaitan,2024,0.4089021412130761
Meta,Puerto Lleras,2024,0.3126151837464252
Meta,Puerto Lopez,2024,0.3597205914089444
Meta,Puerto Rico,2024,0.2891802108509754
Meta,Restrepo,2024,1.4639836095670737
Meta,San Carlos De Guaroa,2024,0.42594649028135567
Meta,San Juan De Arama,2024,0.3193069030351101
Meta,San Juanito,2024,0.34547994639338475
Meta,San Martin,2024,0.3573017574550103
Meta,Villavicencio,2024,2.0283943431364078
Meta,Vistahermosa,2024,0.30406466676822064
Narino,Alban,2024,0.4575339996187482
Narino,Aldana,2024,0.7109988869012379
Narino,Ancuya,2024,0.32273321188915133
Narino,Arboleda,2024,0.3907425295695311
Narino,Barbacoas,2024,0.2698511606935565
Narino,Belen,2024,0.350650428692286
Narino,Buesaco,2024,0.5638580807271927
Narino,Chachagui,2024,0.6349665148847317
Narino,Colon,2024,0.41011395566863695
Narino,Consaca,2024,0.5106109381796032
Narino,Contadero,2024,0.7281775400873188
Narino,Cordoba,2024,0.36251529419541123
Narino,Cuaspud,2024,0.5400496157171314
Narino,Cumbal,2024,0.3192468770821407
Narino,Cumbitara,2024,0.2739252013356322
Narino,El Charco,2024,0.2775685171999709
Narino,El Charco (is.),2024,0.13566493342170238
Narino,El Rosario,2024,0.314281968216649
Narino,El Tablon,2024,0.27830409003516604
Narino,El Tambo,2024,0.36992179875229186
Narino,Francisco Pizarro,2024,0.14203493001749637
Narino,Funes,2024,0.4023614265266649
Narino,Guachucal,2024,0.3000172362327258
Narino,Guaitarilla,2024,0.32332737604443984
Narino,Gualmatan,2024,0.33729466858070856
Narino,Iles,2024,0.4324179520799932
Narino,Imues,2024,0.6832526961989259
Narino,Ipiales,2024,0.5058752901876311
Narino,La Cruz,2024,0.38936535862567195
Narino,La Florida,2024,0.4286058707487072
Narino,La Llanada,2024,0.33690953259324363
Narino,La Tola,2024,0.26953197353884584
Narino,La Union,2024,0.592023952984852
Narino,Leiva,2024,0.28314484958030045
Narino,Linares,2024,0.4634721055938526
Narino,Los Andes,2024,0.2732196896532733
Narino,Magui,2024,0.27954806664960596
Narino,Mallama,2024,0.31198133760155744
Narino,Mosquera,2024,0.18583490859755647
Narino,Mosquera (is.),2024,0.18386286603385177
Narino,Olaya Herrera,2024,0.2682180612094832
Narino,Ospina,2024,1.5909200236753729
Narino,Pasto,2024,1.367287980378162
Narino,Policarpa,2024,0.3324761157157501
Narino,Potosi,2024,0.399342929780591
Narino,Providencia,2024,0.35732149815763425
Narino,Puerres,2024,0.32609731836512756
Narino,Pupiales,2024,0.5692501951161628
Narino,Ricaurte,2024,0.2945248622561457
Narino,Roberto Payan,2024,0.21976327901550682
Narino,Samaniego,2024,0.36310580076343124
Narino,San Bernardo,2024,0.3286697086309399
Narino,San Lorenzo,2024,0.4127492353401685
Narino,San Pablo,2024,0.5996231735613168
Narino,San Pedro De Cartago,2024,0.47550502314598764
Narino,Sandona,2024,0.6650012164543695
Narino,Santa Barbara,2024,0.2640553058777034
Narino,Santa Cruz,2024,0.3146153543841951
Narino,Sapuyes,2024,0.4241504251824022
Narino,Taminango,2024,0.36852867347411195
Narino,Tangua,2024,0.6229742168679913
Narino,Tumaco,2024,0.2378067194058874
Narino,Tumaco (is.),2024,3.463002731383776
Narino,Tuquerres,2024,0.4017776917674432
Narino,Yacuanquer,2024,0.44327842876124124
Norte De Santander,Abrego,2024,0.3017165592168192
Norte De Santander,Arboledas,2024,0.2913854820988662
Norte De Santander,Bochalema,2024,0.3976555118225743
Norte De Santander,Bucarasica,2024,0.26105989715686834
Norte De Santander,Cachira,2024,0.3447726306904409
Norte De Santander,Cacota,2024,0.35277522127283006
Norte De Santander,Chinacota,2024,1.0493668494692026
Norte De Santander,Chitaga,2024,0.2924699266427301
Norte De Santander,Convencion,2024,0.29235428712319544
Norte De Santander,Cucuta,2024,2.7680656510632926
Norte De Santander,Cucutilla,2024,0.2953378463516215
Norte De Santander,Durania,2024,0.43607998397145875
Norte De Santander,El Carmen,2024,0.2736014918523359
Norte De Santander,El Tarra,2024,0.3539990328675202
Norte De Santander,El Zulia,2024,0.6002800862330568
Norte De Santander,Gramalote,2024,0.4294257466205721
Norte De Santander,Hacari,2024,0.2965415184302013
Norte De Santander,Herran,2024,0.44238230967435954
Norte De Santander,La Esperanza,2024,0.48373649957973136
Norte De Santander,La Playa,2024,0.35642465358548564
Norte De Santander,Labateca,2024,0.26813323061750455
Norte De Santander,Los Patios,2024,1.681954219401815
Norte De Santander,Lourdes,2024,0.34263701272987734
Norte De Santander,Mutiscua,2024,0.3468079669719702
Norte De Santander,Oca¥a,2024,1.4801117163186714
Norte De Santander,Pamplona,2024,0.7309620290897808
Norte De Santander,Pamplonita,2024,0.5082361053975338
Norte De Santander,Puerto Santander,2024,0.5351806222043253
Norte De Santander,Ragonvalia,2024,0.47254805830808955
Norte De Santander,Salazar,2024,0.30336179831414206
Norte De Santander,San Calixto,2024,0.3058841158833154
Norte De Santander,San Cayetano,2024,0.9672683764458418
Norte De Santander,Santiago,2024,0.5755313491652464
Norte De Santander,Sardinata,2024,0.3703366477228162
Norte De Santander,Silos,2024,0.37109087993482476
Norte De Santander,Teorama,2024,0.3039835876977407
Norte De Santander,Tibu,2024,0.4023959859575783
Norte De Santander,Toledo,2024,0.3030432422035484
Norte De Santander,Villa Caro,2024,0.2624231364915981
Norte De Santander,Villa Del Rosario,2024,5.321612406146931
Putumayo,Colon,2024,0.3468312451028551
Putumayo,Mocoa,2024,0.4986476147954478
Putumayo,Orito,2024,0.4294787056422321
Putumayo,Puerto Asis,2024,0.38821345948685454
Putumayo,Puerto Caicedo,2024,0.2916077877588154
Putumayo,Puerto Guzman,2024,0.2806130388068743
Putumayo,San Francisco,2024,0.291080962677256
Putumayo,Santiago,2024,0.1922586408374383
Putumayo,Sibundoy,2024,0.5380575371181852
Putumayo,Valle Del Guamuez (la Hor,2024,0.3646835250713075
Putumayo,Villagarzon,2024,0.32814290943330915
Quindio,Armenia,2024,8.337580511005667
Quindio,Buenavista,2024,0.4786498991611175
Quindio,Calarca,2024,2.082994025530171
Quindio,Circasia,2024,1.8517965474092613
Quindio,Cordoba,2024,0.48115275252241074
Quindio,Filandia,2024,1.2437601756313046
Quindio,Genova,2024,0.43680794275504226
Quindio,La Tebaida,2024,1.7640731564412506
Quindio,Montenegro,2024,0.8803297814606559
Quindio,Pijao,2024,0.6928835041689566
Quindio,Quimbaya,2024,0.5720996042650063
Quindio,Salento,2024,1.1887547081947403
Risaralda,Apia,2024,0.31928175966241373
Risaralda,Balboa,2024,0.4328093599822235
Risaralda,Belen De Umbria,2024,0.6144892936363451
Risaralda,Dos Quebradas,2024,13.8779028117451
Risaralda,Guatica,2024,0.5373525779783066
Risaralda,La Celia,2024,0.2514158080119798
Risaralda,La Virginia,2024,4.290973516051962
Risaralda,Marsella,2024,0.7099539749537841
Risaralda,Mistrato,2024,0.2892781155017461
Risaralda,Pereira,2024,3.36538632817543
Risaralda,Pueblo Rico,2024,0.26743897196532385
Risaralda,Quinchia,2024,0.6770900974104637
Risaralda,Santa Rosa De Cabal,2024,1.3582748306360026
Risaralda,Santuario,2024,0.39607188311923147
San Andres Y Providencia,San Andres Y Providencia,2024,13.171830182518878
San Andres Y Providencia,Santa Catalina,2024,1.721476330066139
San Andres Y Providencia,Santa Catarina,2024,2.16832692121801
Santander,Aguada,2024,0.29780086420208784
Santander,Albania,2024,0.29204294826647703
Santander,Aratoca,2024,0.5519668398843038
Santander,Barbosa,2024,1.069191982206346
Santander,Barichara,2024,0.5736975346140044
Santander,Barrancabermeja,2024,2.2714594392975433
Santander,Betulia,2024,0.39749447668418925
Santander,Bolivar,2024,0.34288957974633627
Santander,Bucaramanga,2024,15.454214867409748
Santander,Cabrera,2024,0.39288582334477273
Santander,California,2024,0.46165152124358344
Santander,Capitanejo,2024,0.4212607953846865
Santander,Carcasi,2024,0.30323148872297695
Santander,Cepita,2024,0.3757387670624266
Santander,Cerrito,2024,0.331360830750416
Santander,Charala,2024,0.3526733777186512
Santander,Charta,2024,0.5333827474998154
Santander,Chima,2024,0.29251151817386656
Santander,Chipata,2024,0.42988203414012655
Santander,Cimitarra,2024,0.3757985804447532
Santander,Concepcion,2024,0.4037882469550983
Santander,Confines,2024,0.36173497574128305
Santander,Contratacion,2024,0.4072875775809053
Santander,Coromoro,2024,0.271607342225987
Santander,Curiti,2024,0.626798771148054
Santander,El Carmen,2024,0.32856509941717904
Santander,El Guacamayo,2024,0.28558658172789797
Santander,El Pe¥on,2024,0.25705988820729686
Santander,El Playon,2024,0.3709603866652096
Santander,Encino,2024,0.284537122966087
Santander,Enciso,2024,1.1628200449410855
Santander,Florian,2024,0.32852102082109946
Santander,Floridablanca,2024,9.255069416625854
Santander,Galan,2024,0.2564514468275468
Santander,Gambita,2024,0.3554605168046763
Santander,Giron,2024,1.0999950850167086
Santander,Guaca,2024,0.36179286275919775
Santander,Guadalupe,2024,0.37855491258752477
Santander,Guapota,2024,0.40955041174765855
Santander,Guavata,2024,0.4142792930199161
Santander,Guepsa,2024,0.9231085762349532
Santander,Hato,2024,0.2632144738015031
Santander,Jesus Maria,2024,0.28043935009620113
Santander,Jordan,2024,0.39817693356877354
Santander,La Belleza,2024,0.28615537893204857
Santander,La Paz,2024,0.3041728330855102
Santander,Landazuri,2024,0.28968913534542995
Santander,Lebrija,2024,0.6715354741499363
Santander,Los Santos,2024,0.8656369170247717
Santander,Macaravita,2024,0.3178921978009648
Santander,Malaga,2024,0.5403815447989793
Santander,Matanza,2024,0.4413273348174612
Santander,Mogotes,2024,0.35206860917035826
Santander,Molagavita,2024,0.3277329249057931
Santander,Ocamonte,2024,0.3504320720854906
Santander,Oiba,2024,0.43226405384819433
Santander,Onzaga,2024,0.2624141873773322
Santander,Palmar,2024,0.3432411154780814
Santander,Palmas Del Socorro,2024,0.4005603078855034
Santander,Paramo,2024,0.43224005357767264
Santander,Piedecuesta,2024,2.2571294273171785
Santander,Pinchote,2024,0.8637980852556961
Santander,Puente Nacional,2024,0.48793989598678683
Santander,Puerto Parra,2024,0.2896668639193876
Santander,Puerto Wilches,2024,0.5483234157807031
Santander,Rionegro,2024,0.4557510710028153
Santander,Sabana De Torres,2024,0.6087726462190233
Santander,San Andres,2024,0.3834646281643539
Santander,San Benito,2024,0.3976075779451769
Santander,San Gil,2024,1.9231799949471684
Santander,San Joaquin,2024,0.2898509844442858
Santander,San Jose Miranda,2024,0.30674163231403273
Santander,San Miguel,2024,0.3717176562070793
Santander,San Vicente De Chucuri,2024,0.4629652681938357
Santander,Santa Barbara,2024,0.49940315796871854
Santander,Santa Helena De Opon,2024,0.25795692925409547
Santander,Simacota,2024,0.3003574015447682
Santander,Socorro,2024,1.2205438356953369
Santander,Suaita,2024,0.39066388808049324
Santander,Sucre,2024,0.25052272142503135
Santander,Surata,2024,0.3016439584869941
Santander,Tona,2024,0.5384030868380983
Santander,Valle De  San Jose,2024,0.5109375628583283
Santander,Velez,2024,0.4344386365537688
Santander,Vetas,2024,0.46191395411610503
Santander,Villanueva,2024,0.7783848372108833
Santander,Zapatoca,2024,0.4232910251191372
Sucre,Buenavista,2024,0.6815748316908611
Sucre,Caimito,2024,0.3578406431178343
Sucre,Chalan,2024,0.48223979219038415
Sucre,Coloso (ricaurte),2024,0.64306660266548
Sucre,Corozal,2024,0.8621881674382197
Sucre,Galeras,2024,0.4600342342739099
Sucre,Guaranda,2024,0.3180795786625221
Sucre,La Union,2024,0.6183881485869136
Sucre,Los Palmitos,2024,0.6510526772992417
Sucre,Majagual,2024,0.3735360996777059
Sucre,Morroa,2024,1.602531029972137
Sucre,Ovejas,2024,0.510812899671169
Sucre,Palmito,2024,0.6860459522152708
Sucre,Sampues,2024,1.29955720927446
Sucre,San Benito Abad,2024,0.30675315550088106
Sucre,San Juan De Betulia,2024,0.7003009598923711
Sucre,San Marcos,2024,0.5024887678988689
Sucre,San Onofre,2024,0.40090895801584
Sucre,San Onofre (is.),2024,0.5010228595868289
Sucre,San Pedro,2024,0.8170321534733967
Sucre,Since,2024,0.5407113897812417
Sucre,Sincelejo,2024,4.396921016865727
Sucre,Sucre,2024,0.31242006430129965
Sucre,Tolu,2024,1.5099329786282925
Sucre,Toluviejo,2024,0.8731765071105719
Tolima,Alpujarra,2024,0.3260819896584287
Tolima,Alvarado,2024,0.650755437789065
Tolima,Ambalema,2024,0.45544795116374026
Tolima,Anzoategui,2024,0.6305577271087817
Tolima,Armero (guayabal),2024,0.46921108018893165
Tolima,Ataco,2024,0.33583151840665454
Tolima,Cajamarca,2024,0.34924684739237183
Tolima,Carmen De Apicala,2024,0.770277237153285
Tolima,Casabianca,2024,0.3819296416530369
Tolima,Chaparral,2024,0.3453044829676699
Tolima,Coello,2024,0.8106639510396831
Tolima,Coyaima,2024,0.4615172796819514
Tolima,Cunday,2024,0.4266397187832885
Tolima,Dolores,2024,0.3547630344758722
Tolima,Espinal,2024,2.0216768960425946
Tolima,Falan,2024,0.4177752607182904
Tolima,Flandes,2024,2.351273115051578
Tolima,Fresno,2024,0.745982741609903
Tolima,Guamo,2024,0.9680621580199337
Tolima,Herveo,2024,0.2747278376909059
Tolima,Honda,2024,0.41422455669526875
Tolima,Ibague,2024,2.2600589684956764
Tolima,Icononzo,2024,1.1579587327971705
Tolima,Lerida,2024,0.7092041711209401
Tolima,Libano,2024,0.538019677478083
Tolima,Mariquita,2024,0.9036776094479533
Tolima,Melgar,2024,3.2290094512705387
Tolima,Murillo,2024,0.25601352307011777
Tolima,Natagaima,2024,0.38308847659156253
Tolima,Ortega,2024,0.44763289628312625
Tolima,Piedras,2024,0.569423877509626
Tolima,Planadas,2024,0.265578736745463
Tolima,Prado,2024,0.44410339297555224
Tolima,Purificacion,2024,0.816923656377104
Tolima,Rioblanco,2024,0.21394265980052785
Tolima,Roncesvalles,2024,0.19203473395919968
Tolima,Rovira,2024,0.3379469061441354
Tolima,Salda¥a,2024,0.6903855209784984
Tolima,San Antonio,2024,0.34291820013643054
Tolima,San Luis,2024,0.5175587000348854
Tolima,Santa Isabel,2024,0.3220592485178633
Tolima,Suarez,2024,0.715008979318117
Tolima,Valle De San Juan,2024,0.4358541559897352
Tolima,Venadillo,2024,0.5875642569592365
Tolima,Villa Hermosa,2024,0.2729118308392948
Tolima,Villarrica,2024,0.35848361993672373
Valle Del Cauca,Alcala,2024,0.8283008849689433
Valle Del Cauca,Andalucia,2024,1.5930119049345228
Valle Del Cauca,Ansermanuevo,2024,0.42506299135152564
Valle Del Cauca,Argelia,2024,0.359221757083769
Valle Del Cauca,Bolivar,2024,0.343751441302426
Valle Del Cauca,Buenaventura,2024,0.32035212288260234
Valle Del Cauca,Buenaventura (is.),2024,0.18731020706368243
Valle Del Cauca,Buga,2024,0.9821500713130628
Valle Del Cauca,Bugalagrande,2024,1.1069129950437369
Valle Del Cauca,Caicedonia,2024,0.719153255201563
Valle Del Cauca,Cali,2024,11.447209379261315
Valle Del Cauca,Calima  (darien),2024,0.3410533233720943
Valle Del Cauca,Candelaria,2024,7.916332444644777
Valle Del Cauca,Cartago,2024,1.6856050080970535
Valle Del Cauca,Dagua,2024,0.5418285300684333
Valle Del Cauca,El Aguila,2024,0.29119720087757395
Valle Del Cauca,El Cairo,2024,0.25742216700230086
Valle Del Cauca,El Cerrito,2024,1.0996741754785702
Valle Del Cauca,El Dovio,2024,0.3669470021887942
Valle Del Cauca,Florida,2024,1.1431435939586876
Valle Del Cauca,Ginebra,2024,1.2016081529338583
Valle Del Cauca,Guacari,2024,1.2214871247648447
Valle Del Cauca,Jamundi,2024,1.5330038008492204
Valle Del Cauca,La Cumbre,2024,1.0142994143579107
Valle Del Cauca,La Union,2024,1.2457150619282324
Valle Del Cauca,La Victoria,2024,0.6647947581862165
Valle Del Cauca,Name Unknown,2024,0.22011313776020505
Valle Del Cauca,Obando,2024,0.6658654441439938
Valle Del Cauca,Palmira,2024,5.181642808783392
Valle Del Cauca,Pradera,2024,1.2170548461883235
Valle Del Cauca,Restrepo,2024,0.7333758463345909
Valle Del Cauca,Riofrio,2024,0.41291700750693033
Valle Del Cauca,Roldanillo,2024,0.588456409726296
Valle Del Cauca,San Pedro,2024,1.059199610396011
Valle Del Cauca,Sevilla,2024,0.4469433213327172
Valle Del Cauca,Toro,2024,0.5345855380933734
Valle Del Cauca,Trujillo,2024,0.4816921113140276
Valle Del Cauca,Tulua,2024,1.8800759944216556
Valle Del Cauca,Ulloa,2024,0.9228562039331304
Valle Del Cauca,Versalles,2024,0.2925862041149328
Valle Del Cauca,Vijes,2024,1.0181940928590787
Valle Del Cauca,Yotoco,2024,0.7273404501835591
Valle Del Cauca,Yumbo,2024,4.975342937922903
Valle Del Cauca,Zarzal,2024,1.3313810611933936
Vaupes,Caruru,2024,0.2382163603330573
Vaupes,Mitu,2024,0.25013976324675397
Vaupes,Papunahua,2024,0.2526903079191717
Vaupes,Yavarate,2024,0.2782666449075988
Vichada,Cumaribo,2024,0.28548531492994206
Vichada,La Primavera,2024,0.28379419523239824
Vichada,Puerto Carreno,2024,0.31435763272851464
Vichada,San Jose De Ocune,2024,0.2626352899902219
Vichada,Santa Rita,2024,0.254066457720797
Vichada,Santa Rosalia,2024,0.2829600707761326
Buenaventura,Isla,2024,0.2505043259495265
Amazonas,El Encanto,2024,0.26801330155045977
Amazonas,La Chorrera,2024,0.2750363622583488
Amazonas,La Pedrera,2024,0.27723544358331176
Amazonas,Leticia,2024,0.2336859949833747
Amazonas,Miriti Parana,2024,0.2753795143783959
Amazonas,Puerto Narino,2024,0.21314294412753104
Amazonas,Puerto Santander,2024,0.277121456764569
Amazonas,Tarapaca,2024,0.2683669843683617
Caqueta,Solano,2024,0.27518481116131277
Putumayo,Puerto Leguizamo,2024,0.2765838209321877
Vaupes,Pacoa,2024,0.2744005188295751
Vaupes,Taraira,2024,0.2770214921342409
